time_s,reference_rms,generated_rms,reference_smoothed_rms,generated_smoothed_rms
0.0,0.009886649,0.0049731545,0.010086345176033178,0.007879761366381414
0.005804988662131519,0.009978859,0.008157565,0.010123421392862687,0.00790097406075676
0.011609977324263039,0.011284925,0.00942095,0.010118866642915402,0.007833500904467803
0.017414965986394557,0.009150827,0.009381647,0.010011889865121215,0.007660615016507171
0.023219954648526078,0.009304978,0.008595615,0.009733555469211397,0.007401651531694944
0.029024943310657598,0.009379775,0.0063158968,0.009225535405631488,0.007113201226762457
0.034829931972789115,0.007891659,0.005711733,0.008464715662495376,0.006874907559663456
0.040634920634920635,0.0069369287,0.0056395624,0.007489097316599497,0.006764313114349045
0.046439909297052155,0.0046502235,0.006728241,0.006418188626919201,0.006829929458484612
0.052244897959183675,0.006896913,0.007670808,0.005459750051217991,0.0070718455405612895
0.058049886621315196,0.0076518888,0.008537599,0.004894885792481727,0.007435488278424429
0.06385487528344672,0.0077000554,0.00853951,0.005035967475772895,0.007819286099491098
0.06965986394557823,0.009202374,0.0082013905,0.006158127266732231,0.008093534024692772
0.07546485260770976,0.008040886,0.00731774,0.008415454910311124,0.008126686640255863
0.08126984126984127,0.007633213,0.0057236804,0.011764947580062213,0.007815771524567222
0.08707482993197278,0.0073100664,0.0069249496,0.015928867667421777,0.007117840567622012
0.09287981859410431,0.0054883873,0.006156496,0.020422488674639448,0.006078018408567347
0.09868480725623582,0.038464576,0.0058735004,0.024654740115411165,0.004847066888090386
0.10448979591836735,0.039527882,0.0058601783,0.0280771956702648,0.0036795600306288056
0.11029478458049886,0.040449277,0.0040220874,0.03032712775571013,0.0029053347600820987
0.11609977324263039,0.04053727,0.004074758,0.03130417644543771,0.0028730400512494638
0.1219047619047619,0.015822547,0.0037615593,0.031148370287967762,0.003874151455142254
0.12770975056689343,0.015347064,0.0035014176,0.030137416135437904,0.006065465713901144
0.13351473922902493,0.019674275,0.0036184555,0.028563480490122396,0.009413603405721638
0.13931972789115646,0.027961476,0.012307066,0.02665698639330411,0.013682628193846268
0.14512471655328799,0.032132298,0.021346072,0.024592043141299216,0.01847397788522042
0.1509297052154195,0.032311045,0.028909838,0.0225558512170182,0.023309478264446154
0.156734693877551,0.029494025,0.02987276,0.020824823682486303,0.027731441243283476
0.16253968253968254,0.022069054,0.028716829,0.019784989714734896,0.03138794258370178
0.16834467120181407,0.018134408,0.034434594,0.019863987454848516,0.034079526541880345
0.17414965986394557,0.016070513,0.035933714,0.021389525328844902,0.03576022755056533
0.1799546485260771,0.01562498,0.03589696,0.02443099513141214,0.03650171398236993
0.18575963718820862,0.021176092,0.037909523,0.02869789117952458,0.0364388627269155
0.19156462585034015,0.028387537,0.03230959,0.03355319202151979,0.03571773001555556
0.19736961451247165,0.037034642,0.030928653,0.03815721524323181,0.034464136274805116
0.20317460317460317,0.055698946,0.031706493,0.04170341184613696,0.032783478710784186
0.2089795918367347,0.056088235,0.03247803,0.04366354563146176,0.030790213906955403
0.2147845804988662,0.053110167,0.032925494,0.043946164742275015,0.028651292659475
0.22058956916099773,0.04771767,0.02754274,0.042899857201651445,0.026617617918424458
0.22639455782312926,0.025538372,0.02801505,0.04115420252149476,0.02501771186806962
0.23219954648526078,0.02408936,0.02801408,0.0393609565207976,0.02420019496603329
0.23800453514739228,0.027308363,0.024072012,0.037942619467987035,0.02443235570657729
0.2438095238095238,0.037857484,0.022588216,0.036951654700532195,0.025783666692694423
0.24961451247165534,0.045232736,0.0207416,0.036091963572389654,0.02803781328913123
0.25541950113378686,0.045771092,0.021051288,0.034881111762783266,0.03067751362843132
0.2612244897959184,0.042079177,0.032770894,0.03287400513547095,0.03296846503984552
0.26702947845804986,0.033059776,0.041021664,0.02985197176846314,0.03413412604941523
0.2728344671201814,0.02012469,0.04277108,0.025908029020406197,0.03357352998861102
0.2786394557823129,0.012822746,0.039600812,0.021411324584509547,0.031048685635715452
0.28444444444444444,0.012641549,0.02899709,0.01688438574889184,0.026772000730193028
0.29024943310657597,0.011164935,0.015139345,0.012853978555112274,0.021359186699492865
0.2960544217687075,0.0071379095,0.0068128346,0.009732916056928718,0.015664207074477167
0.301859410430839,0.009972159,0.0050125928,0.007764352689695738,0.010556236395797176
0.3076643990929705,0.013152607,0.0062485645,0.007027635842367498,0.0067148475733541995
0.313469387755102,0.013491527,0.006816545,0.007479691898477224,0.004503953039418035
0.31927437641723355,0.013680291,0.006553311,0.008996854779707068,0.003948616077891297
0.3250793650793651,0.011577743,0.0088557545,0.011391502600475294,0.004800560167730571
0.3308843537414966,0.0060306448,0.009901505,0.01440090306743981,0.006653234809638925
0.33668934240362813,0.0063807014,0.010093008,0.017670126866745614,0.009061426719784988
0.34249433106575966,0.019216977,0.009655043,0.020762120688664232,0.011631040011726051
0.34829931972789113,0.02739099,0.009454939,0.023217175981927594,0.014064320200753447
0.35410430839002266,0.029110547,0.015976045,0.02465534582703237,0.016165187084807728
0.3599092970521542,0.032564364,0.017955609,0.02488563426956363,0.01782081530957259
0.3657142857142857,0.027210811,0.018661218,0.023973433185265475,0.018976654650538757
0.37151927437641724,0.020601822,0.021030622,0.02223032055674179,0.019616028734734146
0.37732426303854877,0.01961029,0.020821702,0.02012131722414834,0.019747933775477396
0.3831292517006803,0.012163641,0.019728184,0.018118925280587884,0.019401539347864937
0.38893424036281177,0.011659055,0.019965261,0.016555646131627702,0.0186241929531132
0.3947392290249433,0.015690757,0.017639508,0.015528429244417776,0.017480775661830657
0.4005442176870748,0.015860604,0.013624477,0.014889742027165496,0.016054640315871588
0.40634920634920635,0.015930312,0.013012553,0.014328820997330407,0.014452307370835608
0.4121541950113379,0.015945563,0.011860955,0.01351566006241497,0.012813786404853991
0.4179591836734694,0.010048273,0.01120774,0.012260434612788064,0.011326865121509487
0.42376417233560093,0.008198353,0.0100369835,0.010637044943145805,0.010238039430301249
0.4295691609977324,0.013063748,0.012370698,0.009029187710828552,0.009848058222209905
0.43537414965986393,0.015108755,0.014718729,0.008075647494587857,0.010479730482940678
0.44117913832199546,0.014386623,0.01627906,0.008514757709882897,0.012411748021508583
0.446984126984127,0.013557415,0.017863221,0.010955422491303551,0.015784916781136513
0.4527891156462585,0.009315328,0.016852431,0.015631424392593966,0.02050378364309483
0.45859410430839004,0.007542062,0.01753052,0.022218095143154228,0.026171008171374698
0.46439909297052157,0.013351368,0.023026895,0.029791437112693993,0.032095062300933376
0.47020408163265304,0.035893343,0.034092523,0.036977775075061746,0.03739643361842359
0.47600907029478456,0.056542568,0.047004722,0.04227869702827089,0.04120336594088362
0.4818140589569161,0.057635687,0.053888224,0.044482849950102876,0.04288661606787132
0.4876190476190476,0.057208598,0.052652698,0.0430280759018789,0.04225374411498984
0.49342403628117915,0.046636805,0.04531768,0.03818305425430961,0.03962546385919018
0.4992290249433107,0.016096603,0.031943835,0.030979715707990824,0.035754323354706775
0.5050340136054422,0.01110328,0.018940242,0.022919769708303138,0.03160561229786663
0.5108390022675737,0.007439204,0.019199966,0.01555950758174053,0.028075288783782116
0.5166439909297053,0.008345884,0.022438886,0.010112094229664206,0.02574403263539617
0.5224489795918368,0.009422178,0.025965355,0.007185745853345628,0.024749158250150772
0.5282539682539683,0.010119886,0.029705428,0.006716760540758531,0.02480683174979884
0.5340589569160997,0.012334255,0.031567253,0.008088527097952682,0.025359992385447838
0.5398639455782313,0.013928294,0.03191104,0.01037619898397317,0.025786787310895856
0.5456689342403628,0.01458013,0.028614352,0.012632949762831419,0.02559326689228098
0.5514739229024943,0.014293678,0.022056831,0.01413727992841437,0.0245319583890232
0.5572789115646258,0.013470301,0.01615601,0.01454448982287419,0.022623713793508107
0.5630839002267574,0.011640306,0.015233904,0.013918870132411415,0.02009766445504452
0.5688888888888889,0.01132835,0.016888244,0.012656036656288687,0.017288153252541242
0.5746938775510204,0.011216592,0.017252034,0.011329271923540338,0.014530966700508277
0.5804988662131519,0.011022288,0.015736824,0.01050593187536253,0.012087929487578038
0.5863038548752835,0.0112459725,0.010862125,0.010580299255019328,0.010110263104394746
0.592108843537415,0.010400522,0.0066316826,0.011660741211923805,0.008637483900701686
0.5979138321995465,0.012686773,0.005841422,0.013535064848278818,0.00762326859926032
0.603718820861678,0.014531337,0.006706093,0.015720927215518418,0.00697903532475577
0.6095238095238096,0.017885178,0.0077318926,0.01758977836354677,0.006624994921996898
0.615328798185941,0.020689812,0.007883551,0.018535623736526768,0.006535845057626355
0.6211337868480725,0.01901041,0.0081718275,0.018147810486175402,0.006766929056608534
0.626938775510204,0.017803192,0.008049337,0.016344167169800923,0.007449932832226858
0.6327437641723356,0.013328613,0.009483304,0.013429099905467685,0.008755640006104787
0.6385487528344671,0.008126064,0.011093979,0.01005887246305644,0.01083233685104611
0.6443537414965986,0.007940603,0.012809234,0.007118213165815378,0.013738222095528201
0.6501587301587302,0.008120988,0.013570762,0.005532570617115238,0.017391163326786755
0.6559637188208617,0.0086018825,0.012561725,0.006054530333169288,0.021556955111508975
0.6617687074829932,0.008118262,0.031246398,0.009069938618592713,0.02588652833424301
0.6675736961451247,0.012136852,0.03432242,0.014469572493937353,0.02999442127070045
0.6733786848072563,0.017291922,0.039992843,0.021624936180954932,0.0335515651941984
0.6791836734693878,0.02180973,0.040691767,0.02948958392278451,0.03635594495189939
0.6849886621315193,0.026088852,0.0335167,0.0368191983094141,0.038353005936811256
0.6907936507936508,0.054649763,0.036327545,0.042467700509178814,0.03960109669204902
0.6965986394557823,0.05810389,0.032851562,0.04568216891549829,0.040202893425546234
0.7024036281179138,0.0585677,0.04170496,0.04630197032274731,0.04023734733294098
0.7082086167800453,0.056906663,0.04400379,0.04478395488132653,0.039721839587505255
0.7140136054421768,0.030948251,0.040211797,0.04203053790164066,0.03861597162759505
0.7198185941043084,0.021848883,0.037620597,0.03907376390831563,0.03685887583450812
0.7256235827664399,0.017933816,0.032969393,0.03673158945753916,0.034421207699040515
0.7314285714285714,0.029704796,0.028997742,0.035368747258452245,0.031352836160910565
0.737233560090703,0.043493982,0.028067414,0.03485076056694686,0.02781261509427357
0.7430385487528345,0.047514766,0.028673938,0.03469481503347782,0.024072024648443845
0.748843537414966,0.048012484,0.02218335,0.03433720380737357,0.020488638177564657
0.7546485260770975,0.0427138,0.01599477,0.03339449315147638,0.017450739894574355
0.7604535147392291,0.029311847,0.013780076,0.03181108060151159,0.015302881927780137
0.7662585034013606,0.021028537,0.0124646835,0.029846450693301524,0.01427125870567676
0.7720634920634921,0.019641727,0.013373769,0.02792910714401413,0.014411806033899176
0.7778684807256235,0.02100667,0.014265691,0.02645719337917379,0.015599127230670445
0.7836734693877551,0.020576654,0.0173016,0.025638385327220962,0.017561963943487517
0.7894784580498866,0.02451901,0.02171705,0.02543452429535478,0.019955739161216044
0.7952834467120181,0.027070848,0.025983157,0.025626231437320804,0.022450081693344257
0.8010884353741496,0.03316742,0.025280012,0.02596096116467376,0.02480364074131705
0.8068934240362812,0.035947807,0.027621139,0.02631295589100992,0.026902420568929216
0.8126984126984127,0.03553219,0.030827666,0.026777157306677787,0.028750434133925442
0.8185034013605442,0.032921158,0.027220022,0.027644605770147476,0.03041818509537014
0.8243083900226758,0.02425411,0.03029575,0.029256932075950138,0.03196929320541703
0.8301133786848073,0.017406499,0.03366764,0.031794331468274956,0.033393423972940636
0.8359183673469388,0.019297006,0.032458022,0.035090849589815315,0.0345719029864092
0.8417233560090703,0.031574212,0.031507988,0.0385718164403764,0.03529153178658023
0.8475283446712019,0.04632979,0.03644199,0.04136419581482504,0.035305673547764975
0.8533333333333334,0.055397667,0.037849545,0.042556848965994126,0.034424354651828026
0.8591383219954648,0.055062946,0.036170863,0.04151754107259899,0.03260194379226006
0.8649433106575963,0.048826195,0.03630998,0.0381414605901312,0.02998741451141946
0.8707482993197279,0.035134867,0.02800385,0.03292869807978743,0.026912305106592125
0.8765532879818594,0.016270297,0.017187819,0.026855720417425993,0.023813978118964373
0.8823582766439909,0.007106001,0.014922108,0.021087995545324326,0.021118338966830207
0.8881632653061224,0.007994935,0.016880518,0.016641413993676104,0.019124225205444004
0.893968253968254,0.013069487,0.019075174,0.0141136366611764,0.017931226528216906
0.8997732426303855,0.015742688,0.019987745,0.013570306590951604,0.017433584324678342
0.905578231292517,0.02062315,0.020329766,0.014605573119122249,0.01737560562564606
0.9113832199546485,0.024726965,0.019891087,0.016532263894932085,0.01744246289144176
0.9171882086167801,0.023990748,0.018374542,0.018618883082937163,0.01735257766530603
0.9229931972789116,0.023691116,0.015886452,0.020288120894509994,0.016924010584457163
0.9287981859410431,0.019865386,0.013832791,0.021219989334969918,0.016101822312757745
0.9346031746031747,0.013959023,0.012451307,0.021347482803725303,0.014948850511105052
0.9404081632653061,0.012902961,0.012962676,0.020775157543485995,0.01361259656043361
0.9462131519274376,0.013883009,0.01406943,0.01967483441113389,0.012283154799721627
0.9520181405895691,0.019941855,0.012574267,0.018209620564179477,0.011152858373894611
0.9578231292517007,0.022338828,0.010805633,0.016511539443582558,0.010382090005975914
0.9636281179138322,0.020975906,0.010485252,0.014704015281383273,0.010071888550481313
0.9694331065759637,0.018946674,0.01027544,0.012936435062167146,0.010243945263153892
0.9752380952380952,0.011420271,0.010749842,0.011395578317948256,0.010830582728330236
0.9810430839002268,0.0048209256,0.010611299,0.010276925740621355,0.011678733887095252
0.9868480725623583,0.0046519586,0.010208637,0.0097258298168609,0.012571202717704594
0.9926530612244898,0.00740339,0.013440049,0.00977859543249102,0.013265179370034578
0.9984580498866213,0.010130026,0.014454251,0.010336031581791087,0.01354253113244213
1.0042630385487528,0.0110816015,0.015194995,0.011186998317086628,0.013260453856879234
1.0100680272108844,0.015578305,0.015024403,0.01207620958668638,0.012387683590557821
1.0158730158730158,0.014899345,0.010969795,0.012790822697957244,0.0110135894577851
1.0216780045351475,0.014432983,0.008154978,0.013232072634577671,0.009325626742928457
1.0274829931972789,0.017084518,0.006117304,0.013443478045124425,0.007561864816863284
1.0332879818594105,0.013451294,0.0044087702,0.013583119092278705,0.005954494276107471
1.039092970521542,0.0128655955,0.0031746584,0.013848315586819402,0.004682999758941429
1.0448979591836736,0.0127686495,0.0041275746,0.014379867051699299,0.003850903028112919
1.050702947845805,0.00879507,0.0051800087,0.015183496374637473,0.003489977791817899
1.0565079365079366,0.012317063,0.005400921,0.016103688047493295,0.0035850010130610063
1.062312925170068,0.012419924,0.005323594,0.01686852634744857,0.004104987223993235
1.0681179138321995,0.023818651,0.0046968674,0.017196997302705585,0.005026295064931205
1.073922902494331,0.024006054,0.0053086956,0.016931442267742954,0.006338689349730739
1.0797278911564625,0.02229681,0.006962075,0.01614014404801323,0.008034068879183714
1.0855328798185941,0.022185883,0.010427111,0.015139482876327185,0.010084829476724812
1.0913378684807256,0.00795476,0.013147578,0.014413800973707843,0.012421961240802918
1.0971428571428572,0.007692184,0.014945623,0.014453609324054059,0.01492196715225214
1.1029478458049886,0.008838983,0.01811344,0.015570042757583592,0.01740844893486481
1.1087528344671203,0.014011693,0.016673632,0.01775742118459571,0.019670602244742753
1.1145578231292517,0.022906365,0.020249942,0.02065916126919002,0.021497350342327495
1.1203628117913833,0.02702832,0.02258108,0.023652977020047983,0.022721708659798185
1.1261678004535147,0.029058985,0.025023261,0.026027398280698694,0.02326489784985404
1.1319727891156464,0.03026219,0.027862603,0.027191041041296084,0.023165416625105562
1.1377777777777778,0.02778273,0.02476428,0.02684825765383332,0.02257837286265782
1.1435827664399092,0.025007337,0.02239436,0.02508888789364504,0.02173787558537753
1.1493877551020408,0.02352952,0.017171774,0.022367907402349393,0.020889405544072696
1.1551927437641722,0.020203788,0.013180759,0.01938283045292181,0.020214005712188298
1.1609977324263039,0.014503818,0.018055348,0.016884322735028306,0.019773424975210053
1.1668027210884353,0.012054782,0.021677637,0.015472975305220772,0.019499033626047383
1.172607709750567,0.014163427,0.023050208,0.015439134312905872,0.01922882305843215
1.1784126984126984,0.014076434,0.022895087,0.01669153314700968,0.018775501109779436
1.18421768707483,0.016364263,0.020252397,0.01879603082998001,0.017996317197513927
1.1900226757369614,0.022073248,0.015429524,0.02111410695618198,0.01683793637749507
1.195827664399093,0.027866695,0.012505661,0.02300063381500167,0.01534452700876751
1.2016326530612245,0.029751336,0.011703833,0.02400073978258836,0.013635205392393362
1.207437641723356,0.02896506,0.008671005,0.023983589083903495,0.011868799312582026
1.2132426303854875,0.024805462,0.009691627,0.023169785152687205,0.01021479085933585
1.2190476190476192,0.014520342,0.010338006,0.02204457812785668,0.008840541243863747
1.2248526077097506,0.015292723,0.010914376,0.02118873293602206,0.007912040809374273
1.230657596371882,0.019683737,0.010748929,0.021086670793781768,0.007595325198856105
1.2364625850340136,0.023566963,0.008687061,0.02197571716757013,0.00804366431242648
1.242267573696145,0.026585698,0.0092800725,0.023781036572900115,0.009362993562015082
1.2480725623582767,0.02377937,0.011832551,0.0261494716449254,0.01156126814547178
1.253877551020408,0.01965585,0.0125784185,0.02856584237743669,0.014499967761465999
1.2596825396825397,0.038571283,0.012985142,0.030514449956010166,0.017871941805081868
1.2654875283446712,0.038095254,0.016987052,0.0316367758053181,0.021226075541055205
1.2712925170068028,0.03880523,0.024960704,0.03183439624647179,0.024045718559334742
1.2770975056689342,0.039266624,0.030212158,0.03127913344629035,0.025867465661274056
1.2829024943310658,0.01749364,0.030754765,0.030323439720737075,0.026406943639104476
1.2887074829931973,0.022110341,0.029834112,0.02934455443339122,0.02564863382981553
1.294512471655329,0.022707999,0.024638897,0.028586880657026924,0.0238643520321877
1.3003174603174603,0.026285084,0.018369155,0.028070170504315164,0.021548415169786124
1.3061224489795917,0.028019074,0.017480424,0.027602772382704713,0.0192871844720824
1.3119274376417234,0.030842017,0.014356253,0.026893189469590406,0.017604079862334133
1.3177324263038548,0.033074506,0.011683851,0.02571113639784354,0.01682911268193622
1.3235374149659864,0.030204644,0.015340166,0.02402824547797843,0.017032149534467744
1.3293424036281178,0.028401135,0.021503879,0.022075687902454066,0.018035667440297776
1.3351473922902495,0.018605014,0.025734669,0.020288415684543967,0.019494218404107026
1.340952380952381,0.011312962,0.02674724,0.019151896942520837,0.02100511071912271
1.3467573696145125,0.011907119,0.024316952,0.019009367360600337,0.02220785738863823
1.352562358276644,0.012419936,0.019115431,0.019907756455659974,0.022842115840416302
1.3583673469387756,0.013669004,0.015931519,0.021548413576347753,0.022758529841234134
1.364172335600907,0.033951197,0.017349066,0.023367937636849453,0.02190038089536639
1.3699773242630386,0.03387311,0.020233873,0.02472109809905009,0.02028351092577012
1.37578231292517,0.033521254,0.021093544,0.025095033770696273,0.017993638936939078
1.3815873015873017,0.032924615,0.018906128,0.02427171835684869,0.015201052606461462
1.3873922902494331,0.009987741,0.014194083,0.022380502407354876,0.012175616225150876
1.3931972789115645,0.010421981,0.009581449,0.01983180206477989,0.00928003260208625
1.3990022675736962,0.013612357,0.0064732553,0.01717114571446918,0.006927746654501493
1.4048072562358276,0.017583616,0.0057113874,0.014916223316058047,0.005507755614672695
1.4106122448979592,0.017294783,0.005440797,0.013431259163768375,0.005293709874605893
1.4164172335600906,0.015853442,0.0038581733,0.012865349761336473,0.0063633967241292595
1.4222222222222223,0.012440463,0.0054937922,0.013154103941947787,0.00855505021262959
1.4280272108843537,0.010095253,0.00980125,0.014068680778328164,0.011479141167087726
1.4338321995464853,0.015170671,0.016343888,0.015292265406402022,0.014589647954399251
1.4396371882086167,0.01949718,0.019020988,0.016504281873981185,0.017300573978116986
1.4454421768707484,0.021246394,0.021474373,0.017452934437129048,0.019117719464321795
1.4512471655328798,0.01996577,0.022861533,0.017998683751699027,0.019749063783539397
1.4570521541950114,0.016885245,0.018971246,0.01811908906353747,0.019162879198940826
1.4628571428571429,0.012186646,0.016397538,0.017879249608875575,0.017578939870865104
1.4686621315192743,0.013683076,0.0136910975,0.01738577366840147,0.015398847229931734
1.474467120181406,0.017335963,0.010342114,0.016747461533153936,0.013099034985680104
1.4802721088435373,0.017310435,0.010974353,0.016058777351754906,0.011118476350527729
1.486077097505669,0.017708393,0.010679209,0.015406752340291114,0.00977051785350593
1.4918820861678004,0.018621447,0.010091346,0.014887530054128047,0.009197162564322391
1.497687074829932,0.016515775,0.009577923,0.01461334851834106,0.009369892018387477
1.5034920634920634,0.016055804,0.008487545,0.014696580021917992,0.010128954175994537
1.509297052154195,0.015156588,0.012003742,0.01521117159147702,0.011245528123755776
1.5151020408163265,0.010018986,0.014873793,0.01614702843427446,0.012488143191773665
1.5209070294784581,0.0074326685,0.014082495,0.017382311159519832,0.013675399833936917
1.5267120181405895,0.020637762,0.015543782,0.018696123676530497,0.0147016000342019
1.5325170068027212,0.024588343,0.016603006,0.019827630151241237,0.015530490039341625
1.5383219954648526,0.026895054,0.014642623,0.020563254059903956,0.01616315766030022
1.5441269841269842,0.026798436,0.014379596,0.02081493371871473,0.016595594876978922
1.5499319727891157,0.02017424,0.01451756,0.0206522436599063,0.016785843599548274
1.555736961451247,0.01598061,0.014282554,0.020271339497887425,0.01664764666895187
1.5615419501133787,0.013850208,0.01659521,0.019913238011011303,0.01607711797549596
1.5673469387755101,0.017062644,0.018424276,0.01976680613510467,0.015004252425419006
1.5731519274376418,0.020259386,0.017289598,0.01989657997581693,0.013448014989444285
1.5789569160997732,0.023704553,0.014038406,0.02022150381045347,0.011548759855286507
1.5847619047619048,0.022546398,0.009129515,0.020547197303110703,0.009558525396715882
1.5905668934240362,0.021420827,0.004819977,0.020633980410261835,0.007786407774169787
1.5963718820861679,0.021182396,0.0043835375,0.020273727209436418,0.006515340233489859
1.6021768707482993,0.01704226,0.004437799,0.01935118344009199,0.005919182269652232
1.607981859410431,0.018751489,0.0052687814,0.0178748659103302,0.00600954138451334
1.6137868480725623,0.017753381,0.00643421,0.015973471041572086,0.006630851268217225
1.619591836734694,0.012269964,0.008068872,0.01386256478560311,0.007505300912681172
1.6253968253968254,0.011701122,0.01036016,0.011792538149016624,0.00831282648684246
1.6312018140589568,0.008063642,0.011060514,0.009992499717145964,0.008780679273696763
1.6370068027210884,0.0073285843,0.010232825,0.008625135557924213,0.00875497695205487
1.6428117913832199,0.0080982605,0.008618128,0.007763511818508954,0.008233602198349572
1.6486167800453515,0.009860578,0.005710833,0.00739291710357642,0.007353485627614698
1.654421768707483,0.009317928,0.0035578825,0.007432111652106812,0.006340775204580926
1.6602267573696146,0.008494892,0.0026841965,0.007762811452680462,0.005443757407322193
1.666031746031746,0.0072054216,0.0046655694,0.008256529707856664,0.004871273110160341
1.6718367346938776,0.0071071372,0.006830675,0.008793230945377388,0.004753055662561498
1.677641723356009,0.008193562,0.008075091,0.009272736213450884,0.0051265744887384855
1.6834467120181407,0.008957503,0.008252589,0.009623280690052916,0.005943999749218935
1.689251700680272,0.009503535,0.0073374375,0.009810445349835455,0.007088353873969025
1.6950566893424037,0.011575306,0.0058484063,0.00984538335184289,0.008391089415173145
1.7008616780045351,0.011886564,0.0062913736,0.009787034488630086,0.009650615473460649
1.7066666666666668,0.011233404,0.009327479,0.009731877623318973,0.010656641310868468
1.7124716553287982,0.010510949,0.011903829,0.009788238182675444,0.011224175643179428
1.7182766439909296,0.00572982,0.013532422,0.010039394571165037,0.01123387096150544
1.7240816326530612,0.008246939,0.013036324,0.010507215585818703,0.010667044293095259
1.7298866213151927,0.012339528,0.010992915,0.011131017381779473,0.009620287671235737
1.7356916099773243,0.013179877,0.008196981,0.011771891022709782,0.008289260118361935
1.7414965986394557,0.013881359,0.0047023697,0.012242864052990856,0.006922294295180762
1.7473015873015874,0.013066853,0.0040311953,0.01235571577289615,0.005756521632596794
1.7531065759637188,0.010823471,0.00463726,0.011971034722383374,0.004956491624911196
1.7589115646258504,0.009714181,0.005211996,0.011039746307137499,0.0045745180053892035
1.7647165532879818,0.008900934,0.005318762,0.009628773389809728,0.004544186443099658
1.7705215419501135,0.0077808346,0.0049128947,0.00792727512978244,0.004707746296281972
1.7763265306122449,0.0061853253,0.004775661,0.006231669877116701,0.004868913436829717
1.7821315192743765,0.007391988,0.004155165,0.0049083895343927,0.004857233732300756
1.787936507936508,0.007517195,0.0040482352,0.004335095850017439,0.004588531470925482
1.7937414965986394,0.0061271335,0.0042360313,0.00482553928032177,0.004107000372698159
1.799546485260771,0.005504944,0.004138463,0.006550519414357905,0.003597375780627081
1.8053514739229024,0.005242163,0.0047751334,0.009475272016173956,0.0033602722654075233
1.811156462585034,0.007776513,0.0055559925,0.013337254859519216,0.0037504650356228486
1.8169614512471655,0.00909089,0.006501821,0.017682376164558256,0.005086535663413315
1.822766439909297,0.03226936,0.0076536858,0.021960050269863952,0.007549758053626571
1.8285714285714285,0.033634756,0.008906355,0.02565267164615734,0.011097955407899287
1.8343764172335602,0.03341646,0.00983878,0.028395280686448872,0.01542287657326569
1.8401814058956916,0.034007117,0.017427878,0.030040295102489203,0.019973909565001093
1.8459863945578232,0.021378383,0.025161361,0.030644891835590556,0.02405505020362467
1.8517913832199546,0.024539981,0.029122608,0.030394137764144697,0.026978802506259548
1.8575963718820863,0.024951745,0.030948738,0.029501413841035204,0.02823820679489909
1.8634013605442177,0.028641442,0.032005265,0.028133674733280628,0.027646512671913356
1.8692063492063493,0.028750913,0.026740849,0.026391157415715665,0.02539934334480108
1.8750113378684807,0.02687561,0.02224676,0.02434112081899425,0.022035591725349517
1.8808163265306121,0.026461871,0.019516388,0.022079296244970802,0.018303691685179282
1.8866213151927438,0.022401474,0.009801127,0.019781976275457882,0.014969408794202364
1.8924263038548752,0.016578529,0.008910987,0.01771820203823489,0.012620485782858504
1.8982312925170068,0.015737083,0.008474038,0.016210361617725245,0.011525987436230352
1.9040362811791383,0.015666738,0.012644508,0.015553996456577237,0.01159235887225839
1.90984126984127,0.014450312,0.013862214,0.015924943038264052,0.012428404800109441
1.9156462585034013,0.013561089,0.014633549,0.017308651591050245,0.013497638366200661
1.921451247165533,0.015473368,0.015902827,0.01948149226285897,0.014310411200192996
1.9272562358276644,0.022436604,0.015431309,0.02205864865047374,0.014597680616461432
1.933061224489796,0.0271542,0.016443532,0.024601194002077522,0.014414538345954546
1.9388662131519274,0.028838703,0.01693501,0.026752454054028416,0.014141270330870453
1.944671201814059,0.027948733,0.01675218,0.02835939607805077,0.014377342537354615
1.9504761904761905,0.035378117,0.01436983,0.029535068394307137,0.01575347624461479
1.956281179138322,0.03368355,0.015051239,0.03063353453345261,0.018712541273974627
1.9620861678004535,0.034774005,0.015922002,0.03213464881954772,0.023324189591376207
1.967891156462585,0.03361047,0.028790971,0.03446584106302088,0.029194360118277803
1.9736961451247166,0.025759635,0.03553249,0.03781408077907773,0.03550671355408094
1.979501133786848,0.035880934,0.037467796,0.04199373144578942,0.04119431627809141
1.9853061224489796,0.045314554,0.050030295,0.04642604727669164,0.04519899458119767
1.991111111111111,0.053687535,0.05300632,0.050251882196742634,0.046746199348415785
1.9969160997732427,0.0574759,0.051541552,0.0525516532439624,0.0455542285255442
2.0027210884353743,0.057198647,0.049439196,0.0526057688406611,0.041912244054474065
2.0085260770975055,0.054552935,0.035468694,0.050112235921086344,0.03659981809861084
2.014331065759637,0.047317043,0.018381089,0.045291650857119704,0.03067188105685617
2.020136054421769,0.0391224,0.013269345,0.03884646857170723,0.025179174957989322
2.0259410430839004,0.028732054,0.018962853,0.031787662393114,0.020915677838100884
2.0317460317460316,0.017395733,0.022245893,0.02518263243944698,0.018269367595380618
2.0375510204081633,0.0146331135,0.024915626,0.019900844507087057,0.017207552897603215
2.043356009070295,0.016493998,0.023758978,0.016430869492407563,0.017375832500233925
2.049160997732426,0.017946944,0.019670209,0.014815310509969997,0.0182555482670968
2.0549659863945577,0.016310608,0.016442094,0.014709197482910979,0.019319803426833475
2.0607709750566894,0.01883975,0.016780293,0.015528977123190702,0.02014681068126536
2.066575963718821,0.020948619,0.019515526,0.01663664720847158,0.02047606764872061
2.072380952380952,0.019675786,0.0209132,0.017501764059604717,0.02021375111112079
2.078185941043084,0.017761366,0.020843105,0.017800081036312025,0.019403400499928686
2.0839909297052155,0.013551978,0.017321987,0.01743421473782838,0.018179141970754816
2.089795918367347,0.009063386,0.012964445,0.016489415862131623,0.016716542529389308
2.0956009070294783,0.014256647,0.014097387,0.015156125455639907,0.015193014115557717
2.10140589569161,0.016088659,0.016047819,0.013653761514006251,0.013764485905981437
2.1072108843537416,0.016149053,0.016702512,0.01217808175513745,0.012557179394750198
2.1130158730158732,0.014745665,0.015294361,0.010876545356648067,0.01166584584690156
2.1188208616780044,0.008337181,0.011166001,0.009843518245078222,0.011148168358275572
2.124625850340136,0.0044224737,0.0069016507,0.009125245866661294,0.011011648552017623
2.1304308390022677,0.0075837905,0.005676202,0.008729747796991313,0.011200187501478066
2.136235827664399,0.009935539,0.010191889,0.008641227334361736,0.0115943927735823
2.1420408163265305,0.011682258,0.014248099,0.008837381674164023,0.012035992151313284
2.147845804988662,0.011872452,0.016148351,0.009303368512952732,0.012373599537674404
2.153650793650794,0.009990667,0.016201135,0.010034381483014332,0.012512831227600869
2.159455782312925,0.007864863,0.01361823,0.011023439993911963,0.012448161491735549
2.1652607709750566,0.010709179,0.009695751,0.012239672627343092,0.012260981407156946
2.1710657596371883,0.012049405,0.008403364,0.013608900909312896,0.012083950336384505
2.17687074829932,0.016702441,0.010463842,0.01500799852439931,0.01204682381537805
2.182675736961451,0.01856739,0.01351175,0.016277614472495715,0.012225444024920977
2.1884807256235828,0.017747732,0.015215203,0.017249132562890287,0.012611342379535413
2.1942857142857144,0.018861381,0.014610272,0.017776507242279395,0.01310892579244653
2.2000907029478456,0.016362723,0.012553324,0.01776406209660064,0.013557598477719781
2.2058956916099772,0.0143461535,0.01038909,0.01718566752855375,0.013771581138378437
2.211700680272109,0.014725244,0.011842015,0.016095060033008275,0.013589506529776647
2.2175056689342405,0.015450173,0.0139402775,0.014628235694431382,0.012925117464553552
2.2233106575963717,0.014435333,0.014757409,0.012996360273542906,0.011807437213126456
2.2291156462585033,0.01507688,0.013930731,0.011464218047203788,0.010395970307747611
2.234920634920635,0.01316058,0.010441595,0.010309132024585515,0.008958751599601678
2.2407256235827666,0.008466949,0.006644929,0.009761176670910612,0.0078111609946881
2.246530612244898,0.007935852,0.0045543206,0.009936061369209897,0.007228704775262852
2.2523356009070294,0.007871535,0.004378976,0.01078204740267833,0.00736031087986744
2.258140589569161,0.008502863,0.0050524957,0.012065105903509376,0.008172752642579027
2.2639455782312927,0.011277246,0.009634841,0.013408337484875979,0.009448382244584178
2.269750566893424,0.016814813,0.013401981,0.014383900366363311,0.010840097655406892
2.2755555555555556,0.018237805,0.015357686,0.014634727965866737,0.011966714596293906
2.281360544217687,0.017629012,0.015018898,0.013987988069884431,0.012517417602874845
2.2871655328798184,0.016095307,0.01335306,0.012520209400492652,0.012331864336007558
2.29297052154195,0.0097997505,0.010063079,0.010547860006085714,0.011433263509136366
2.2987755102040817,0.0053952094,0.0067488486,0.008542394942162334,0.010009957797559962
2.3045804988662133,0.0048161363,0.006632279,0.006995513217286569,0.008358484844097245
2.3103854875283445,0.0041208644,0.0054210857,0.0062778715128790005,0.006810784217705528
2.316190476190476,0.0058312565,0.00603367,0.00653627164249657,0.005667534330661827
2.3219954648526078,0.006117774,0.007952791,0.007660771149856914,0.0051509787139978535
2.3278004535147394,0.009183665,0.008056764,0.009330298193652161,0.005379683837731905
2.3336054421768706,0.0138173755,0.00792292,0.011121045473747763,0.006360184436693328
2.3394104308390022,0.015547887,0.0069526117,0.012643059160121635,0.007989477928091297
2.345215419501134,0.015623315,0.005513401,0.013662179393660961,0.010066756161503123
2.3510204081632655,0.01505295,0.011797874,0.0141695364773663,0.012317918363653656
2.3568253968253967,0.013468036,0.014994099,0.014377844828113134,0.014436991113745044
2.3626303854875284,0.013048536,0.016861444,0.014646961295597224,0.016142795387504284
2.36843537414966,0.0147040505,0.018426355,0.015362551529899205,0.017240455327032913
2.374240362811791,0.018071236,0.01865761,0.01680460180198329,0.01767142957765081
2.380045351473923,0.01835879,0.017359976,0.019044241614831304,0.017536277392796673
2.3858503401360545,0.018554175,0.015744947,0.021899275861547544,0.017080941017866717
2.391655328798186,0.01771915,0.017375393,0.024964069291468438,0.016646871111076364
2.3974603174603173,0.033685513,0.017583687,0.027710292669217713,0.01659430924097842
2.403265306122449,0.03318216,0.01926511,0.0296337849724247,0.017214211179733818
2.4090702947845806,0.03339521,0.020514047,0.030405054765372152,0.01864742830581041
2.414875283446712,0.033619225,0.01867884,0.029975566791126635,0.020830729988316716
2.4206802721088434,0.02458677,0.01770545,0.028604255804798813,0.023487960187465764
2.426485260770975,0.026054882,0.018720992,0.026794615912986392,0.026178850825271917
2.4322902494331067,0.025710218,0.030092172,0.02516104866695672,0.028404686365403057
2.4380952380952383,0.027519343,0.036634915,0.024263245722335666,0.029749242120311145
2.4439002267573695,0.019659152,0.03757018,0.024454718796073336,0.030012521432789964
2.449705215419501,0.019589145,0.035825264,0.02578743171531596,0.029286755896182844
2.455510204081633,0.02272774,0.026603535,0.0280009720262471,0.027938683747054303
2.461315192743764,0.037329435,0.01696261,0.03060219991580423,0.02649673571816576
2.4671201814058956,0.038729023,0.01786313,0.033012592736177626,0.02548078177102561
2.4729251700680273,0.038730014,0.02613367,0.034735537612509415,0.02523552693284826
2.478730158730159,0.039342076,0.030404355,0.03548786022482039,0.02582470319442626
2.48453514739229,0.026954744,0.029798063,0.035254714414726794,0.02701622573856534
2.4903401360544217,0.034164406,0.027910082,0.03425722900952559,0.028355131527632325
2.4961451247165534,0.034702666,0.024661593,0.032852757219935365,0.029297109365730014
2.501950113378685,0.032732524,0.028072996,0.03140579244528566,0.02936525889024746
2.507755102040816,0.029864121,0.032224387,0.03017093471710264,0.02829147259372074
2.513560090702948,0.020403666,0.031399496,0.029222499832806448,0.026106629009566663
2.5193650793650795,0.02242432,0.028258815,0.028452619431849444,0.02315175484156478
2.5251700680272107,0.032251954,0.018838538,0.02764063100163174,0.019999747571171112
2.5309750566893423,0.033828568,0.00965988,0.026571497653208896,0.01730385308356896
2.536780045351474,0.03192648,0.011343127,0.02515790057775151,0.015615859115186452
2.5425850340136056,0.029232683,0.014874506,0.023513313817290268,0.015230420719184965
2.5483900226757368,0.017077567,0.01845033,0.021940343289510653,0.01610381823052342
2.5541950113378684,0.015068607,0.018727971,0.020834261664050054,0.017869445376303642
2.56,0.01751686,0.019249558,0.020538613583355337,0.019941233496970242
2.5658049886621317,0.016689729,0.022145856,0.021209870755362414,0.021672318125172486
2.571609977324263,0.024844708,0.024199393,0.022743121820591142,0.022524652659162408
2.5774149659863945,0.024899574,0.025178248,0.02478552301608897,0.022205234826568238
2.583219954648526,0.027944168,0.023463786,0.026831573881510903,0.020734254475477214
2.589024943310658,0.032443512,0.018363623,0.02836710387191988,0.01842841640175087
2.594829931972789,0.028014636,0.01228057,0.029015041258688788,0.015806070795799806
2.6006349206349206,0.031320415,0.010350531,0.028637628039176036,0.013443431054404332
2.6064399092970523,0.030628761,0.010456321,0.027364320712649604,0.011825018846964377
2.6122448979591835,0.026346337,0.010712742,0.02553721498779564,0.011230896388943099
2.618049886621315,0.023366755,0.012959105,0.02359073778193865,0.01168877282435742
2.6238548752834467,0.017432328,0.014131863,0.021903790707368916,0.012997222875984767
2.6296598639455784,0.01243734,0.014575652,0.020674285507164887,0.014805465207846927
2.6354648526077096,0.01787075,0.0182296,0.019862184173368238,0.016721527954627835
2.641269841269841,0.020870157,0.020103522,0.019225561091193045,0.018416383878983925
2.647074829931973,0.021030428,0.021025067,0.018440236103873433,0.019696059370893606
2.6528798185941045,0.022163244,0.021857515,0.017260138422963207,0.02052488065002803
2.6586848072562357,0.019191014,0.018513476,0.015657222414134232,0.020998304284121607
2.6644897959183673,0.016129771,0.017362723,0.013884411653858033,0.021279291386772085
2.670294784580499,0.015981391,0.020282416,0.012430697800876536,0.021522783331734557
2.6760997732426306,0.012296341,0.023569394,0.011874811349319564,0.02181415131073365
2.681904761904762,0.0066456166,0.025015194,0.012680774960944528,0.022139118562482456
2.6877097505668934,0.006720568,0.022538252,0.015003662519803923,0.022389442445363825
2.693514739229025,0.0065065403,0.01964021,0.018577583854952118,0.02239752998483225
2.6993197278911563,0.02970034,0.021148464,0.02273521422031296,0.021987780849365254
2.705124716553288,0.030377187,0.022199022,0.026563140876085918,0.021031250061358465
2.7109297052154195,0.037554987,0.022201447,0.029146176297445862,0.01949009066630356
2.716734693877551,0.038101815,0.020514634,0.029819413740066098,0.01743902306795287
2.7225396825396824,0.025072806,0.014055114,0.02834520671782631,0.015055517799464225
2.728344671201814,0.024625868,0.009049752,0.024962807306099486,0.012579874687028576
2.7341496598639456,0.013311806,0.008407815,0.02030545195365043,0.010257765168013596
2.7399546485260773,0.011498081,0.008153359,0.015222474626554133,0.008284795821942824
2.7457596371882085,0.010728746,0.0070958594,0.010567125903580292,0.006770865625795503
2.75156462585034,0.009725025,0.006712268,0.007009914985579978,0.005732745130830203
2.7573696145124718,0.0048944694,0.006661231,0.004918815051344915,0.005111947295277803
2.7631746031746034,0.00369574,0.0059343353,0.0043229264574087545,0.004807027104315225
2.7689795918367346,0.0050373315,0.0045484127,0.00495445873690706,0.004707352997004425
2.7747845804988662,0.007620354,0.0038764935,0.006348675199726035,0.004718526383828322
2.780589569160998,0.009527381,0.004046493,0.007972460120533759,0.00477548400835632
2.786394557823129,0.01112279,0.0045433645,0.009349343078575548,0.004844781033198372
2.7921995464852607,0.010404385,0.0042619323,0.010153073228752706,0.004920378582854164
2.7980045351473923,0.009005633,0.005516006,0.010252866058036726,0.005017076812255413
2.803809523809524,0.00679615,0.005783352,0.009708123839659799,0.005163724643020711
2.809614512471655,0.0070015998,0.0052550104,0.008723656696546274,0.005396154994407981
2.815419501133787,0.008688295,0.006509448,0.007583583294707556,0.005748702260047766
2.8212244897959184,0.008188046,0.006596662,0.006581643487026384,0.006243596100704564
2.82702947845805,0.008799526,0.0065233954,0.0059601835159252756,0.006879095495634235
2.8328344671201813,0.006418868,0.0072122286,0.005864400113524694,0.0076190746332877
2.838639455782313,0.003949465,0.007837259,0.006315985569953787,0.00838795040555486
2.8444444444444446,0.004246268,0.009371832,0.0072106481422499905,0.009074537533949928
2.8502494331065757,0.008266132,0.010268996,0.008343431699286351,0.009546393087810343
2.8560544217687074,0.01047208,0.010275246,0.009460909848062892,0.009673219878862707
2.861859410430839,0.011037231,0.009513357,0.010330574187170647,0.00935536185136513
2.8676643990929707,0.011804627,0.007006164,0.010809536363499652,0.008552414961423647
2.873469387755102,0.010397348,0.005659408,0.010891951780659501,0.0073073485414231676
2.8792743764172335,0.01121628,0.0056438893,0.010719006469092638,0.005762037470702097
2.885079365079365,0.012795787,0.0048105028,0.010544924646820303,0.004159618228890715
2.8908843537414968,0.013011173,0.004721543,0.010664053199034155,0.002828034575062628
2.896689342403628,0.012310809,0.0046619456,0.011315321885453129,0.002139679888624497
2.9024943310657596,0.009628317,0.00359013,0.012589725992570485,0.0024464239237439764
2.9082993197278912,0.0083157765,0.0042075817,0.014371532248879918,0.003997822570965986
2.914104308390023,0.011609445,0.004334871,0.01634063535309408,0.006860394121249946
2.919909297052154,0.017095327,0.0041141463,0.018048445667076692,0.010862790842157024
2.9257142857142857,0.023858797,0.019596647,0.01905428696310557,0.015590548609965883
2.9315192743764173,0.025234971,0.020511838,0.019082231012443152,0.02044262384306155
2.9373242630385485,0.023489062,0.024018474,0.018142685819136303,0.024743333068514825
2.94312925170068,0.019619003,0.029404424,0.016568957251908427,0.0278853692770304
2.948934240362812,0.010652019,0.026799532,0.014946713616379977,0.02946929090603343
2.9547392290249435,0.007924988,0.032938667,0.013953151102074053,0.029404258041991004
2.9605442176870747,0.012969005,0.031273086,0.014156157270818545,0.02794216160115015
2.9663492063492063,0.01726834,0.028326131,0.01583792306202058,0.025630964820283805
2.972154195011338,0.019725632,0.025056336,0.018898224169160063,0.023192090005647828
2.9779591836734696,0.021541413,0.015085852,0.02286705471054558,0.021348491753385077
2.9837641723356008,0.021052962,0.015052658,0.027026013649146956,0.02064842110089449
2.9895691609977324,0.017739229,0.016947016,0.03061047203960694,0.021336066172907946
2.995374149659864,0.04679629,0.025791956,0.03304163944097886,0.02330808786815537
3.0011791383219957,0.04646693,0.030269735,0.03412035447496727,0.026166700653363083
3.006984126984127,0.045807537,0.03305059,0.0341107630058978,0.02934690946849025
3.0127891156462585,0.046388943,0.037451338,0.03366506138951108,0.032272632560335565
3.01859410430839,0.01484724,0.03261177,0.03359441087954212,0.03449291759229055
3.0243990929705213,0.012754307,0.031791292,0.03455892256368355,0.035764249322202436
3.030204081632653,0.024061466,0.03635968,0.036796843362604297,0.03606877019621269
3.0360090702947846,0.04111443,0.032975435,0.04000815409156158,0.035579515968550385
3.0418140589569163,0.05393499,0.032643814,0.043445518706416525,0.03459490854338163
3.0476190476190474,0.061487474,0.03528438,0.046175424019000245,0.03346496837532882
3.053424036281179,0.059039276,0.034579646,0.04740116541134883,0.03252494427358809
3.0592290249433107,0.04906416,0.033417393,0.04672102663969273,0.032043382853209325
3.0650340136054424,0.038351856,0.034104202,0.044232960265483366,0.032185420068871255
3.0708390022675736,0.029817205,0.03503693,0.04046734318989411,0.032990635065159486
3.076643990929705,0.029395118,0.030406836,0.036196720700007845,0.03436745008809705
3.082448979591837,0.030104883,0.028786436,0.03220761631656144,0.03610945297454806
3.0882539682539685,0.03167773,0.03731,0.029115402717959933,0.037938650122380096
3.0940589569160997,0.030052558,0.043704495,0.0272697137342143,0.039573070480305714
3.0998639455782313,0.029379226,0.046889413,0.02675581484913477,0.04080280003099806
3.105668934240363,0.02913381,0.046829335,0.027464950177353335,0.041547756946457286
3.111473922902494,0.027090818,0.04018437,0.029192093936806263,0.04187230176366786
3.1172789115646258,0.029163051,0.03508082,0.03172122819500119,0.04194858674150977
3.1230839002267574,0.04468327,0.039044473,0.034869840459719616,0.041983691893045794
3.128888888888889,0.045096878,0.04078413,0.03847999588245789,0.042141133960021254
3.1346938775510202,0.04210222,0.046932686,0.04236144052060795,0.04248651791409255
3.140498866213152,0.040739343,0.04713102,0.04621310828805965,0.04297256150926229
3.1463038548752835,0.029816162,0.039055068,0.04956837056168738,0.04346129980684376
3.152108843537415,0.044595532,0.04356489,0.05181356917153401,0.0437706022011272
3.1579138321995464,0.058056016,0.045519345,0.052306564739702216,0.0437298500818229
3.163718820861678,0.062344376,0.042339735,0.050574609609904266,0.043231222733549776
3.1695238095238096,0.05992753,0.042380977,0.046521148142005364,0.04226490062777694
3.175328798185941,0.048648972,0.042422824,0.040549541070295264,0.040929058645931944
3.1811337868480725,0.030839711,0.04018749,0.03353521848525001,0.039410300796033304
3.186938775510204,0.014953942,0.03845731,0.026637375332160637,0.03793697158476677
3.1927437641723357,0.01185401,0.03782161,0.021007713158672843,0.0367151989707071
3.198548752834467,0.012328919,0.03401576,0.0174947534147028,0.035863923735089204
3.2043537414965986,0.01697988,0.03223547,0.01644029152081606,0.0353684512866932
3.21015873015873,0.024606114,0.034079943,0.017624612681680016,0.03506996787174106
3.215963718820862,0.026071794,0.034307677,0.02036137535235981,0.034699764091126906
3.221768707482993,0.025892003,0.035047613,0.023696901053593348,0.033952967009798496
3.2275736961451247,0.025593122,0.034794472,0.026647467344716028,0.03258199474805105
3.2333786848072563,0.026427899,0.03243969,0.028412790216902663,0.030480770623097037
3.239183673469388,0.02651003,0.031932663,0.028523959386224085,0.027731283745766742
3.244988662131519,0.027782584,0.026573224,0.026907186974398322,0.02459501964510212
3.250793650793651,0.026456382,0.01584144,0.023863376888792878,0.02145015010033898
3.2565986394557824,0.01839694,0.011153617,0.01997671843517473,0.018695052686773937
3.2624036281179136,0.014896058,0.01604795,0.015975294257925952,0.01665124409349614
3.2682086167800453,0.011575872,0.018834945,0.012573740281821935,0.015496922013326295
3.274013605442177,0.009274636,0.019511675,0.010330197121374554,0.015246249467650906
3.2798185941043085,0.011239541,0.019104682,0.009544884222040044,0.015769024661648475
3.2856235827664397,0.012669985,0.016598625,0.010216423189734527,0.016832773471952892
3.2914285714285714,0.012434299,0.014435534,0.01205857299242193,0.01814978424610552
3.297233560090703,0.012276552,0.015700025,0.014568888653694963,0.01942054867735827
3.3030385487528346,0.01392408,0.020381019,0.01713407776208266,0.020373327068799994
3.308843537414966,0.020613046,0.023605436,0.01915316952404693,0.02080084192340519
3.3146485260770975,0.022036022,0.023336602,0.020156637007636882,0.020590171795379798
3.320453514739229,0.022796568,0.021692846,0.01989764015488896,0.019737088829904485
3.3262585034013608,0.02128125,0.017115988,0.01839420154692817,0.01833742784286783
3.332063492063492,0.012336508,0.012491242,0.015911455017466915,0.016556181743269612
3.3378684807256236,0.009846026,0.013174543,0.012889456950733555,0.014584689793774499
3.3436734693877552,0.008953638,0.013293257,0.00983781787128275,0.012600828272519817
3.3494784580498864,0.007571039,0.01350156,0.007226176755183391,0.010743568292612533
3.355283446712018,0.0071105016,0.01116322,0.005396391186067377,0.009104638666446743
3.3610884353741497,0.0060915817,0.0064775525,0.004511738874220273,0.007732627721246421
3.3668934240362813,0.003686524,0.0049714325,0.0045468834753137986,0.006642904899487576
3.3726984126984125,0.004391968,0.0045893122,0.00531423216705362,0.005829282327154442
3.378503401360544,0.0057075224,0.005913694,0.006517920239977127,0.005276109052266982
3.384308390022676,0.008730623,0.0064068297,0.007823989358097867,0.004969495180910466
3.3901133786848074,0.008888272,0.006091371,0.00893302614382737,0.004904427062032443
3.3959183673469386,0.011436924,0.0058067683,0.009640371773638743,0.005083802062446734
3.4017233560090703,0.010773025,0.0044311336,0.00987086383326637,0.0055079405770198575
3.407528344671202,0.00845909,0.004655708,0.009680828571206229,0.0061580242711295205
3.4133333333333336,0.009564699,0.0062108203,0.009228584774263065,0.00698111055298216
3.4191383219954647,0.005982483,0.008505751,0.00872324264964374,0.007884991115464163
3.4249433106575964,0.0083203595,0.009309834,0.008366858789671246,0.008747541581610774
3.430748299319728,0.009212371,0.008983146,0.008305066972866515,0.009439349014657825
3.436553287981859,0.009620436,0.010153478,0.00859657409394309,0.00985333048935069
3.442358276643991,0.00955439,0.010499668,0.009205044431176241,0.009932638770469024
3.4481632653061225,0.00954716,0.009975442,0.01001110954701801,0.00968849476795131
3.453968253968254,0.010622639,0.01030542,0.010839187798201198,0.009202067974889696
3.4597732426303853,0.011917034,0.009113048,0.011492910452837167,0.00860863466005051
3.465578231292517,0.012939189,0.0072130905,0.01179288020361446,0.00806734932019481
3.4713832199546486,0.012111621,0.0071850675,0.01161079949875596,0.007724839041408269
3.4771882086167802,0.0104503585,0.0068455264,0.010895273840562455,0.007683710979426565
3.4829931972789114,0.007408405,0.00520611,0.00968709295707674,0.00798636073217003
3.488798185941043,0.005689149,0.008076564,0.008124422086808055,0.008619669031406095
3.4946031746031747,0.0059527853,0.010884357,0.006439059938301555,0.00953827051777396
3.500408163265306,0.0067112073,0.014548794,0.004942595300995173,0.010695602156129318
3.5062131519274375,0.007677971,0.016012577,0.003997421893230371,0.012066795110642285
3.512018140589569,0.0072060493,0.014544944,0.003966129441262084,0.013649622688633711
3.517823129251701,0.006159187,0.012626895,0.00513760572018132,0.015440240082687863
3.523628117913832,0.007540777,0.010042828,0.007639582018680207,0.017395165236142804
3.5294331065759637,0.009809323,0.016632278,0.01136087565608373,0.019401440133945957
3.5352380952380953,0.009782679,0.022943838,0.015915028818457758,0.02127548757490207
3.541043083900227,0.010338225,0.02765389,0.020674084925966424,0.022796926913194106
3.546848072562358,0.02892003,0.028684778,0.024884064285618242,0.02376454516941752
3.5526530612244898,0.030587472,0.02480321,0.027844859736718002,0.024049748872175737
3.5584580498866214,0.034828193,0.020760322,0.029106513924349386,0.02362536586270789
3.564263038548753,0.037537385,0.018385107,0.028616141926212854,0.022561898308948915
3.5700680272108842,0.027868804,0.01999441,0.026757026376825872,0.02099922954343296
3.575873015873016,0.025238907,0.021319319,0.024254114408221016,0.019109811379332074
3.5816780045351475,0.019475866,0.01986576,0.021966623374650256,0.017067009047310754
3.5874829931972787,0.013376705,0.016019508,0.02063092347917242,0.015024611254403679
3.5932879818594103,0.009137338,0.010717392,0.02063889692403995,0.013107648839237682
3.599092970521542,0.018937811,0.0081807105,0.021929135311799353,0.011413519290540474
3.6048979591836736,0.026244277,0.008940767,0.02403112051542767,0.010023165283329664
3.610702947845805,0.03335524,0.009717814,0.02624762522035205,0.009020166039362352
3.6165079365079364,0.03712006,0.010935016,0.02790890766352612,0.008510016168691336
3.622312925170068,0.034118883,0.012398024,0.028605743684583598,0.008626442112206395
3.6281179138321997,0.03032847,0.01268341,0.02831835611715648,0.009511897386173787
3.633922902494331,0.024221126,0.0123612285,0.0273999125199323,0.01126820445106157
3.6397278911564626,0.020105409,0.010843518,0.026428429336664627,0.013888527149976852
3.645532879818594,0.02006511,0.008252863,0.025987486736787867,0.01719686521525658
3.651337868480726,0.01797876,0.015821585,0.02645715157524524,0.020827387288206465
3.657142857142857,0.03381359,0.0277521,0.027886060505392725,0.024266537149814874
3.6629478458049887,0.033666328,0.0320601,0.029980307282999396,0.026956708106505585
3.6687528344671203,0.03461615,0.032613494,0.03220069950830466,0.028432059098497133
3.6745578231292515,0.038721237,0.03136677,0.03392550816776135,0.02844013482342182
3.680362811791383,0.032054354,0.025421835,0.03462248067800489,0.027006759767877565
3.6861678004535148,0.032975096,0.021873817,0.0339813450953785,0.024423311729547377
3.6919727891156464,0.032752227,0.021340836,0.03197768861257677,0.021163231848014878
3.6977777777777776,0.03070693,0.018041769,0.02886114634505922,0.01775643122532147
3.7035827664399092,0.023535775,0.012029872,0.025079245909681865,0.014659865980223017
3.709387755102041,0.019855225,0.009426977,0.021161305898368874,0.01216018327600348
3.7151927437641725,0.016937567,0.009892873,0.017594167545913086,0.010333085694667513
3.7209977324263037,0.011602687,0.010137244,0.014721888243074244,0.009066929297494862
3.7268027210884354,0.012093991,0.010870176,0.01269360345003589,0.008138710085046496
3.732607709750567,0.013455881,0.009105696,0.011468879736870373,0.00731472327936431
3.7384126984126986,0.013208985,0.0074386937,0.0108723033263943,0.006441721259353609
3.74421768707483,0.0119572235,0.0069134673,0.010674673346668714,0.005499748308449647
3.7500226757369615,0.011045362,0.0035578127,0.010672235041256129,0.00460242581804382
3.755827664399093,0.011037906,0.0024563437,0.01073964759895084,0.0039485660727321846
3.7616326530612243,0.011361436,0.0021879717,0.010844057220368162,0.0037444555691445174
3.767437641723356,0.010879603,0.0023716,0.011021619292127475,0.004124282671723581
3.7732426303854876,0.009805151,0.0036537836,0.011329652677395535,0.005094869636650389
3.779047619047619,0.008496445,0.00856949,0.011794583218249777,0.006521125610588452
3.7848526077097504,0.011422397,0.010036357,0.01237628027477316,0.0081542925843982
3.790657596371882,0.014882616,0.010210126,0.012962701368303405,0.009691473068472936
3.7964625850340137,0.014563608,0.0112228105,0.013396718541676445,0.010846938195568406
3.8022675736961453,0.014920717,0.010766775,0.013524410891080415,0.011415278660316584
3.8080725623582765,0.014146826,0.0111550335,0.013246561294507447,0.011311873687898552
3.813877551020408,0.010944296,0.011060678,0.012555324244563643,0.010583880418384786
3.81968253968254,0.012058039,0.009722808,0.011544541168742766,0.009392220713128032
3.825487528344671,0.011649994,0.0076095513,0.01039112539143782,0.007970814852869101
3.8312925170068026,0.00885228,0.005614622,0.009312973148006092,0.006573439265419558
3.8370975056689343,0.008889687,0.0056364643,0.008514577381228542,0.005420711957368219
3.842902494331066,0.006349602,0.0054212976,0.008134767866584005,0.0046591360300347355
3.848707482993197,0.0068067736,0.0040506907,0.008211312420871624,0.00434075456962657
3.8545124716553287,0.007972392,0.0027209723,0.008673503395287793,0.004426869134971109
3.8603174603174604,0.008137018,0.003780112,0.009366121272506273,0.004813855847134552
3.866122448979592,0.012444885,0.006304911,0.010098003868302797,0.00537398358093367
3.871927437641723,0.0135947475,0.0083180675,0.010699274425480675,0.005999592921187951
3.877732426303855,0.013164595,0.008408897,0.01106708467419094,0.006636486506924206
3.8835374149659865,0.01254363,0.008639942,0.01118332921507912,0.007294372650857361
3.889342403628118,0.009405023,0.0074757487,0.01109891665910417,0.008029823825768766
3.8951473922902493,0.00639885,0.00543731,0.010893609496963486,0.008908267024210702
3.900952380952381,0.009374582,0.007082521,0.010631435277762242,0.009961032924405252
3.9067573696145126,0.009790207,0.011137891,0.010333467619529949,0.011156313685457442
3.912562358276644,0.008615641,0.012295445,0.009981111112786857,0.012396825567659236
3.9183673469387754,0.012380497,0.017554175,0.009548109273410143,0.013544658490828854
3.924172335600907,0.011118393,0.016966702,0.009045397934955212,0.014461577623831804
3.9299773242630387,0.011256203,0.014329584,0.008555727987135811,0.015047277122800639
3.93578231292517,0.011156663,0.014408807,0.00823766164474087,0.01526128409591675
3.9415873015873015,0.007115267,0.012960046,0.00829049077593929,0.015123633610245041
3.947392290249433,0.0063111736,0.014564676,0.008888635904643604,0.014699101599955838
3.953197278911565,0.0063524465,0.014508759,0.010109316826790718,0.014074685026676133
3.959002267573696,0.009105626,0.014151509,0.011883677733076001,0.013339197844817146
3.9648072562358276,0.011266218,0.01155049,0.013995132676683075,0.012569875683369558
3.9706122448979593,0.01906647,0.011164199,0.016131028068525274,0.011826890514323495
3.976417233560091,0.02289175,0.012686786,0.017971694804238818,0.01115403551131285
3.982222222222222,0.023939215,0.012099845,0.019284148990785083,0.010582304669684881
3.9880272108843537,0.023445973,0.010664995,0.01998437335735448,0.010132600968853581
3.9938321995464854,0.017428292,0.008738062,0.020145020350812712,0.009815137072343277
3.9996371882086166,0.011329431,0.005942898,0.019949209134236905,0.00962627590526843
