time_s,rms,rms_dbfs_ref_1,centroid_hz,active_frame
0.0,0.0,-200.0,,0
0.010666666666666666,0.0,-200.0,,0
0.021333333333333333,0.0,-200.0,,0
0.032,0.0,-200.0,,0
0.042666666666666665,0.0,-200.0,,0
0.05333333333333334,0.0,-200.0,,0
0.064,0.0,-200.0,,0
0.07466666666666667,0.0,-200.0,,0
0.08533333333333333,0.0,-200.0,,0
0.096,0.0,-200.0,,0
0.10666666666666667,0.0,-200.0,,0
0.11733333333333333,0.0,-200.0,,0
0.128,0.0,-200.0,,0
0.13866666666666666,0.0,-200.0,,0
0.14933333333333335,0.0,-200.0,,0
0.16,0.0,-200.0,,0
0.17066666666666666,0.0,-200.0,,0
0.18133333333333335,0.0,-200.0,,0
0.192,0.0,-200.0,,0
0.20266666666666666,0.0,-200.0,,0
0.21333333333333335,0.0,-200.0,,0
0.224,0.0,-200.0,,0
0.23466666666666666,0.0,-200.0,,0
0.24533333333333332,0.0,-200.0,,0
0.256,0.0,-200.0,,0
0.26666666666666666,0.0,-200.0,,0
0.2773333333333333,0.0,-200.0,,0
0.288,0.0,-200.0,,0
0.2986666666666667,0.0,-200.0,,0
0.30933333333333335,0.0,-200.0,,0
0.32,0.0,-200.0,,0
0.33066666666666666,0.0,-200.0,,0
0.3413333333333333,0.0,-200.0,,0
0.352,0.0,-200.0,,0
0.3626666666666667,0.0,-200.0,,0
0.37333333333333335,0.0,-200.0,,0
0.384,0.11810088595431495,-18.55493688877509,3390.8202918293,1
0.39466666666666667,0.19428861351004598,-14.231053018849288,3498.6934944183513,1
0.4053333333333333,0.24467803862932802,-12.22810019041571,3939.1423582678503,1
0.416,0.2756332594850275,-11.19336758294348,4479.145756611822,1
0.4266666666666667,0.27576059130138575,-11.189355967208613,4554.122279948678,1
0.43733333333333335,0.25621361737753845,-11.827955837278544,4488.50322327721,1
0.448,0.23099092048802047,-12.728101809901442,4510.379623748891,1
0.45866666666666667,0.21393268548409458,-13.394457142516929,4686.5445564362935,1
0.4693333333333333,0.1982797634492917,-14.054432157727142,4778.291297506952,1
0.48,0.17871014186121068,-14.957016008714458,4719.643670147132,1
0.49066666666666664,0.16385782732746138,-15.710656159305461,4579.8358158591645,1
0.5013333333333333,0.15059913958552257,-16.443550187451006,4587.335436246687,1
0.512,0.1361184153811945,-17.32166230748238,4695.317322290351,1
0.5226666666666666,0.12375680012071046,-18.148618567279804,4659.249102809047,1
0.5333333333333333,0.11469066590082332,-18.809438514288267,4581.576885263299,1
0.544,0.10490986993676037,-19.583673027848562,4564.910701097275,1
0.5546666666666666,0.09545455867993458,-20.404066518321088,4588.888811006261,1
0.5653333333333334,0.08761568365359387,-21.148362918979785,4546.217529543154,1
0.576,0.07934694425593378,-22.009395875558763,4741.553222084612,1
0.5866666666666667,0.07117813190172487,-22.953068288267215,4799.075625239552,1
0.5973333333333334,0.06584942556303082,-23.628960185006456,4678.350355914179,1
0.608,0.0605787895852895,-24.353588169644404,4707.447007711224,1
0.6186666666666667,0.05561532011352039,-25.09611117401263,4613.877275448847,1
0.6293333333333333,0.050582790104961174,-25.91994438011341,4652.035204194261,1
0.64,0.04710068324401253,-26.539455858716238,4716.13604918539,1
0.6506666666666666,0.04334599269936714,-27.261020929843806,4813.86910385649,1
0.6613333333333333,0.03917349630291163,-28.14015330363624,4707.278210959948,1
0.672,0.036399415165995874,-28.77811188318441,4575.8860204884095,1
0.6826666666666666,0.03268475930443842,-29.713094177944196,4774.1905998239745,1
0.6933333333333334,0.029613999515775608,-30.57005870102634,4815.423485491722,1
0.704,0.02703918156038608,-31.360129160811766,4685.093623903693,1
0.7146666666666667,0.024977027116420178,-32.049185093271156,4654.34974023097,1
0.7253333333333334,0.0229108492363771,-32.79917625040077,4805.0776461831165,1
0.736,0.02078149142650403,-33.64646575246048,4813.941363609241,1
0.7466666666666667,0.01921445492139544,-34.32743862314732,4642.864038933214,1
0.7573333333333333,0.017513752470489297,-35.13241585317011,4588.940684905667,1
0.768,0.01609394207649435,-35.86675132140179,4721.5257837561585,1
0.7786666666666666,0.014605646696440851,-36.709584178837225,4832.4266451113635,1
0.7893333333333333,0.013335134426373506,-37.50005203992008,4795.725639813311,1
0.8,0.012196004029357107,-38.27564881645904,4693.373862499919,1
0.8106666666666666,0.011282773404241926,-38.95168267706933,4717.9336180007485,1
0.8213333333333334,0.010397663400403656,-39.66128491849396,4606.404125406219,1
0.832,0.009417713067003793,-40.52109091009194,4553.469674967362,1
0.8426666666666667,0.008692325910640179,-41.21727997160662,4575.9184675374745,1
0.8533333333333334,0.007960991358646486,-41.98065694981544,4669.878674699238,1
0.864,0.007177615268624886,-42.88039648481234,4676.901526525151,1
0.8746666666666667,0.006626783636774871,-43.573944176192896,4615.770721858993,1
0.8853333333333333,0.0060769774497844336,-44.32624750426103,4547.89968404649,1
0.896,0.005515187787345759,-45.16879391245557,4612.891801849716,1
0.9066666666666666,0.005039863613278257,-45.9516243218915,4713.196355841061,1
0.9173333333333333,0.0046242185636954525,-46.69923294346498,4676.214159468372,1
0.928,0.004238135207348842,-47.45650384599741,4626.398859886251,1
0.9386666666666666,0.0038873919969155285,-48.206833275290236,4676.689996612409,1
0.9493333333333334,0.0036100543570986377,-48.849725176234415,4706.954468486215,1
0.96,0.0032917401840656018,-49.6514890164589,4618.8274585127,1
0.9706666666666667,0.002988837369242191,-50.4899543091993,4701.134232939321,1
0.9813333333333333,0.002755781997907555,-51.1951028241889,4672.7998535355,1
0.992,0.0025047819746320285,-52.02460141457795,4693.9356658888855,1
1.0026666666666666,0.002275356200499098,-52.859012122537585,4776.139089034532,1
1.0133333333333334,0.002081962335308329,-53.630542631146696,4712.455542497741,1
1.024,0.0019150255204956708,-54.35650868104457,4580.5897298324035,1
1.0346666666666666,0.001735112598153693,-55.21344673826783,4649.472793422166,1
1.0453333333333332,0.0015980562616906614,-55.92815869679007,4526.883139935353,1
1.056,0.0014776041018105474,-56.60883823940159,4616.152309801686,1
1.0666666666666667,0.0013414601384280841,-57.44844455776003,4679.771330921094,1
1.0773333333333333,0.0012297252199558494,-58.20383840192054,4662.322192790175,1
1.088,0.0011182952735160035,-59.02887021293543,4604.854052699178,1
1.0986666666666667,0.0010184982739417587,-59.84079405331964,4791.016525877298,1
1.1093333333333333,0.0009300393094551111,-60.62997389948791,,0
1.12,0.0008528674807132277,-61.38236889285188,,0
1.1306666666666667,0.0007836081354370852,-62.11802127597856,,0
1.1413333333333333,0.0007129071140668563,-62.93934102921996,,0
1.152,0.0006524902795037834,-63.708519077167225,,0
1.1626666666666667,0.0006013912886768698,-64.41685734137003,,0
1.1733333333333333,0.0005463546806603649,-65.25050663877786,,0
1.184,0.11989200403843317,-18.42419560704431,3730.269203806656,1
1.1946666666666668,0.1941004408953266,-14.239469562383185,3914.804722763428,1
1.2053333333333334,0.24082094250422797,-12.366114964684712,4293.746709152658,1
1.216,0.2728902896469563,-11.280238354229299,4807.958824638253,1
1.2266666666666666,0.2736151935597866,-11.257195807461738,4785.4847330652065,1
1.2373333333333334,0.2530012037379737,-11.937548250355896,4760.280976664071,1
1.248,0.23080696223492356,-12.735021898661948,4664.3353843405075,1
1.2586666666666666,0.21375296632365204,-13.40175699407254,4573.887995318402,1
1.2693333333333334,0.19564244501776945,-14.17073836548268,4656.629687735729,1
1.28,0.1781861188175172,-14.982522634015154,4652.469175926231,1
1.2906666666666666,0.1638309341122248,-15.712081850556242,4736.816732604657,1
1.3013333333333332,0.14880330941545175,-16.54774819772667,4765.566073882386,1
1.312,0.13433613693980007,-17.436142894432763,4734.8594796822335,1
1.3226666666666667,0.12165187720059753,-18.297623702345817,4708.43900886163,1
1.3333333333333333,0.11289619266772676,-18.94641408112478,4787.329420431576,1
1.344,0.10285075146984334,-19.75585061647527,4816.183575819614,1
1.3546666666666667,0.09476820463685526,-20.466746938246096,4747.645745593742,1
1.3653333333333333,0.08793855049018152,-21.116413944511333,4671.406077602298,1
1.376,0.07943705344833822,-21.999537469221387,4750.94803866756,1
1.3866666666666667,0.07300031373501566,-22.733505467976283,4742.882831211808,1
1.3973333333333333,0.06685064958571561,-23.497887367106152,4756.644719415724,1
1.408,0.06139328104206933,-24.237583119855067,4680.306102052266,1
1.4186666666666667,0.056395601530732926,-24.97509533360337,4647.706906373232,1
1.4293333333333333,0.05124140085506499,-25.80758011745862,4555.815154733393,1
1.44,0.047388487355569976,-26.486543075901665,4475.321930581296,1
1.4506666666666668,0.04312725525985094,-27.304963614002887,4696.219363932922,1
1.4613333333333334,0.03918556892128592,-28.137476869674927,4807.619688054259,1
1.472,0.03584838420845761,-28.910608289555437,4730.748060928843,1
1.4826666666666666,0.03270131813630372,-29.70869482582455,4627.634313224511,1
1.4933333333333334,0.029833038583795143,-30.506050203983612,4624.167305751692,1
1.504,0.02732446505491243,-31.268966634023595,4611.016643684507,1
1.5146666666666666,0.025259509989546097,-31.951501571971903,4598.918987895466,1
1.5253333333333334,0.022890516698657316,-32.8068880811155,4687.608782369352,1
1.536,0.021074013876888613,-33.52505476618363,4644.290658214686,1
1.5466666666666666,0.019383850491936323,-34.25119897160979,4658.120367597327,1
1.5573333333333332,0.01734403546853406,-35.21699694018092,4786.989351589835,1
1.568,0.015979780391560793,-35.92858386888696,4775.626350666506,1
1.5786666666666667,0.01479346823465653,-36.59859992966886,4664.280839277298,1
1.5893333333333333,0.013571944726745803,-37.34715835471785,4628.450137255635,1
1.6,0.012394386454408893,-38.135499335260235,4585.028983301664,1
1.6106666666666667,0.01145765029881424,-38.818088741419075,4603.373167608264,1
1.6213333333333333,0.01038244463069188,-39.674007525862486,4754.566561403556,1
1.632,0.009380055128845058,-40.555892183201564,4794.307348588134,1
1.6426666666666667,0.008721921046018323,-41.187756980708315,4756.9870188077975,1
1.6533333333333333,0.007971571766999795,-41.969120793069415,4740.861339206892,1
1.664,0.007296447456344221,-42.73777081304877,4778.636998272781,1
1.6746666666666667,0.0066827442137770985,-43.500903229033185,4619.147945593677,1
1.6853333333333333,0.006022163196864254,-44.40494959108737,4509.486023396934,1
1.696,0.005477685030677701,-45.228058869794836,4444.898073118919,1
1.7066666666666668,0.0049904506732062195,-46.03720465447143,4610.031926528221,1
1.7173333333333334,0.004620452757753419,-46.70630931762318,4758.811417722436,1
1.728,0.004253337842711857,-47.42540239792625,4840.090682740385,1
1.7386666666666666,0.0038658152723866144,-48.25517805063932,4684.15157954456,1
1.7493333333333334,0.0035768269436521317,-48.93004143316858,4593.07199252009,1
1.76,0.003250902153924276,-49.75992203517898,4677.947554065344,1
1.7706666666666666,0.0029458011673612165,-50.61593140127323,4818.733002944395,1
1.7813333333333334,0.002735394967211285,-51.25959912923676,4667.200423126053,1
1.792,0.0025191557534752773,-51.974899605308025,4416.21498939989,1
1.8026666666666666,0.00227802533279362,-52.84882901311636,4570.506214570863,1
1.8133333333333332,0.0021026044600563113,-53.54484837386772,4706.586356997504,1
1.824,0.0019357838575066275,-54.262862720847366,4687.900656175771,1
1.8346666666666667,0.001744642577747002,-55.16587065675058,4605.985608457666,1
1.8453333333333333,0.0016056811432297669,-55.886813857166686,4514.545125002933,1
1.856,0.0014798281479180533,-56.595774323781434,4471.130379503204,1
1.8666666666666667,0.0013440394393916411,-57.43175974381573,4599.792563306897,1
1.8773333333333333,0.001216175952998685,-58.300071759680975,4717.621998840013,1
1.888,0.0011265554121959469,-58.96494883301394,4703.872721305007,1
1.8986666666666667,0.0010257227251990327,-59.77940044901562,4772.687687932216,1
1.9093333333333333,0.0009257712070344376,-60.66992661192647,,0
1.92,0.0008570009468988964,-61.34037396450597,,0
1.9306666666666668,0.0007862482287923863,-62.0888063979048,,0
1.9413333333333334,0.0007133687878308226,-62.93371792712966,,0
1.952,0.0006541879106377231,-63.68594971757566,,0
1.9626666666666666,0.0005984775555213504,-64.45904264269538,,0
1.9733333333333334,0.0005511717788320582,-65.17426054665589,,0
1.984,0.1143094880152548,-18.838354408427847,3662.639897171569,1
1.9946666666666666,0.1933731402431888,-14.272077001572756,3738.7736320049053,1
2.005333333333333,0.2438103131591918,-12.258958554057655,4144.533977166937,1
2.016,0.2778911361149725,-11.12250611358889,4681.529536186502,1
2.026666666666667,0.28111977653286135,-11.022172021541897,4574.035118336524,1
2.037333333333333,0.2600151298162979,-11.700027609464009,4492.376577945727,1
2.048,0.23526093942885262,-12.56900346231787,4516.923552215778,1
2.058666666666667,0.21543171338439668,-13.333807289651316,4581.128301589768,1
2.0693333333333332,0.19579339547185426,-14.16403923926904,4659.069516841423,1
2.08,0.1770745489807984,-15.036877114030673,4614.850703982059,1
2.0906666666666665,0.16254879076567183,-15.780325139259821,4782.540634286334,1
2.1013333333333333,0.14754779560356146,-16.621345491407947,4762.435421370442,1
2.112,0.1353407020603787,-17.371431500133955,4534.456694044177,1
2.1226666666666665,0.12348344831961083,-18.167825023826655,4607.146345109983,1
2.1333333333333333,0.11333388254379528,-18.91280466204901,4884.124432210274,1
2.144,0.10335504930758183,-19.71336602991553,4835.43413111589,1
2.1546666666666665,0.09474247943379556,-20.46910507733637,4824.761182950202,1
2.1653333333333333,0.08667500298004974,-21.242122694794077,4668.169293416859,1
2.176,0.07997673873112125,-21.940726187584687,4728.359925177292,1
2.1866666666666665,0.07340304738620781,-22.68571819253919,4669.6590222208915,1
2.1973333333333334,0.06753538097130504,-23.40937291821482,4570.666305734534,1
2.208,0.0623970257373724,-24.096722224502834,4467.196788976728,1
2.2186666666666666,0.05618861321376911,-25.007033731136325,4636.793613023443,1
2.2293333333333334,0.0512400367741458,-25.807811344822255,4708.84164360171,1
2.24,0.04755382730589433,-26.456290474241296,4622.84529194909,1
2.2506666666666666,0.04350155357048905,-27.229904656289968,4693.834526334106,1
2.2613333333333334,0.03939654794133584,-28.090836617148444,4605.0465169882855,1
2.272,0.036156212017144744,-28.836341512066667,4747.588168039319,1
2.2826666666666666,0.03262656392147498,-29.728573233724283,5007.53752763239,1
2.2933333333333334,0.02953714348613657,-30.592630145405977,4705.504844245834,1
2.304,0.02736982949640229,-31.25455816140825,4551.232079066599,1
2.3146666666666667,0.025083965258491076,-32.01207618795773,4646.746594905675,1
2.3253333333333335,0.02277321229809107,-32.85151410448404,4716.036236386442,1
2.336,0.02090399904140229,-33.5954124639247,4726.060705052739,1
2.3466666666666667,0.01927957895175784,-34.29804909841989,4727.5093850692565,1
2.3573333333333335,0.01750309510039752,-35.13770295065197,4700.104759063615,1
2.368,0.016222144658309873,-35.79783460336309,4633.809104842191,1
2.3786666666666667,0.014856491915760054,-36.56167458067618,4609.124617597929,1
2.3893333333333335,0.013477219658929668,-37.40799386421566,4781.714788225358,1
2.4,0.012336723732223708,-38.17600321437827,4632.389322152257,1
2.4106666666666667,0.011264632282226893,-38.965659612591345,4602.677239771325,1
2.421333333333333,0.010295203656735327,-39.747301157467746,4640.584790026158,1
2.432,0.009476980160043912,-40.46660057130132,4676.875540154028,1
2.4426666666666668,0.008661692994797658,-41.24794426949631,4628.7868340136865,1
2.453333333333333,0.008012875974193832,-41.924231587061456,4675.446887158383,1
2.464,0.007324332742996049,-42.704638680185276,4715.7126779764785,1
2.474666666666667,0.006743954775877532,-43.42170701396726,4721.125445865122,1
2.485333333333333,0.006123708982043624,-44.259709130526176,4751.041488245703,1
2.496,0.005554972060375088,-45.10636242143056,4845.7445976788495,1
2.506666666666667,0.005080053632060995,-45.88263405359251,4853.763642247093,1
2.517333333333333,0.0046430489866298216,-46.663934685449775,4740.155346156769,1
2.528,0.004269361649085747,-47.39274110841896,4615.537741630504,1
2.538666666666667,0.003919824886218018,-48.134666683304836,4468.439729942387,1
2.5493333333333332,0.00363781714995416,-48.78318267918148,4592.6422407938535,1
2.56,0.0033336771231313287,-49.541529304513745,4724.047561037039,1
2.570666666666667,0.0030144918035362785,-50.41571785304874,4620.596573744688,1
2.5813333333333333,0.0027619575573292177,-51.17565998914734,4611.458487471817,1
2.592,0.0025104358300420066,-52.00501750542891,4720.037071762074,1
2.6026666666666665,0.002267927355707607,-52.887417210049975,4893.8666073230615,1
2.6133333333333333,0.0020782749381416566,-53.64593999005842,4790.111370506817,1
2.624,0.0019221066303317256,-54.32445046362901,4811.088605701834,1
2.6346666666666665,0.0017470597685597814,-55.153844742794846,4726.2438656865825,1
2.6453333333333333,0.0015848242313814276,-56.000377944307004,4720.463439388762,1
2.656,0.0014629270759693128,-56.69554644117756,4728.948599552892,1
2.6666666666666665,0.0013292926906054768,-57.52758766602823,4599.375479806928,1
2.6773333333333333,0.0012086444038842275,-58.354029088601315,4705.136276598469,1
2.688,0.0011295349361966558,-58.94200663860354,4727.316790685991,1
2.6986666666666665,0.0010308976748396891,-59.73568879826551,4784.801153366521,1
2.7093333333333334,0.0009364853562878033,-60.56998018495531,,0
2.72,0.0008501347277162342,-61.41024485354756,,0
2.7306666666666666,0.0007855579228166116,-62.09643573807685,,0
2.7413333333333334,0.0007183871070636105,-62.872829411597195,,0
2.752,0.0006556821295588015,-63.666133055044355,,0
2.7626666666666666,0.0006160093870437504,-64.2082533959894,,0
2.7733333333333334,0.0005490282415497386,-65.20810630466839,,0
2.784,0.0004987598147907711,-66.04217090008754,,0
2.7946666666666666,0.0004607786786032761,-66.73015250051532,,0
2.8053333333333335,0.0004159026067973002,-67.62016715105021,,0
2.816,0.0003827514573159428,-68.34166294123844,,0
2.8266666666666667,0.0003503192502253221,-69.11071994637078,,0
2.8373333333333335,0.00032238988124506435,-69.83237195448511,,0
2.848,0.00029447541890714724,-70.61901903475554,,0
2.8586666666666667,0.0002730408041013777,-71.27544891472627,,0
2.8693333333333335,0.0002522572225016455,-71.96312780824675,,0
2.88,0.00022540834393283812,-72.94060023457212,,0
2.8906666666666667,0.00020577719583361027,-73.73205510579349,,0
2.9013333333333335,0.0001898698264308348,-74.43088093230281,,0
2.912,0.00017284935913459642,-75.24664452663448,,0
2.9226666666666667,0.00015938634198048914,-75.95097793190268,,0
2.933333333333333,0.00014736042718291241,-76.63238256339612,,0
2.944,0.00013257445120294422,-77.55080323968885,,0
2.9546666666666668,0.0001211917073851632,-78.33054192023897,,0
2.965333333333333,0.0001128120532651923,-78.95288992426873,,0
2.976,0.00010250557199285627,-79.78505053216854,,0
2.986666666666667,8.795545425543846e-05,-81.11474448181242,,0
2.997333333333333,6.998955967677602e-05,-83.09933477483756,,0
