time_s,rms,centroid_active_hz
0.0,0.00013009499525651336,
0.016,0.00015942708705551922,
0.032,0.00018417526734992862,
0.048,0.00018420987180434167,
0.064,0.00018436448590364307,
0.08,0.00018438315601088107,
0.096,0.00018435769015923142,
0.112,0.00018435136007610708,
0.128,0.00018435331003274769,
0.144,0.00018434217781759799,
0.16,0.0001843478821683675,
0.176,0.00018434169760439545,
0.192,0.00018434088269714266,
0.208,0.0001843448990257457,
0.224,0.00018433950026519597,
0.24,0.0001843437785282731,
0.256,0.00018433461082167923,
0.272,0.00018433293735142797,
0.288,0.00018434364756103605,
0.304,0.00018434430239722133,
0.32,0.0001843558857217431,
0.336,0.00018435338279232383,
0.352,0.00018435102538205683,
0.368,0.00018435677338857204,
0.384,0.00018435028323438019,
0.4,0.00018435335368849337,
0.416,0.0001843463396653533,
0.432,0.00018434612138662487,
0.448,0.00018435421225149184,
0.464,0.00018435493984725326,
0.48,0.0001843621430452913,
0.496,0.00018435309175401926,
0.512,0.0001843499339884147,
0.528,0.0001843524514697492,
0.544,0.00018434466619510204,
0.56,0.00018435066158417612,
0.576,0.00018434027151670307,
0.592,0.0001843333593569696,
0.608,0.00018433544028084725,
0.624,0.00018432660726830363,
0.64,0.00018432668002787977,
0.656,0.00018431856005918235,
0.672,0.00018431672651786357,
0.688,0.00018432211072649807,
0.704,0.00018432711658533663,
0.72,0.00018433775403536856,
0.736,0.000184329051990062,
0.752,0.00018432685465086251,
0.768,0.00018433219520375133,
0.784,0.00018432937213219702,
0.8,0.00018433769582770765,
0.816,0.00018432985234539956,
0.832,0.00018432227079756558,
0.848,0.00018432457000017166,
0.864,0.00018431850185152143,
0.88,0.00018432627257425338,
0.896,0.0001843254140112549,
0.912,0.00018432491924613714,
0.928,0.00018434006778988987,
0.944,0.00018434727098792791,
0.96,0.00018435569654684514,
0.976,0.000184353266377002,
0.992,0.00018435146193951368,
1.008,0.0001843553181970492,
1.024,0.00018435071979183704,
1.04,0.00018435590027365834,
1.056,0.00018434874073136598,
1.072,0.00018434632511343807,
1.088,0.0001843535719672218,
1.104,0.00018435361562296748,
1.12,0.0001843597856350243,
1.136,0.00018434958474244922,
1.152,0.00018434571393299848,
1.168,0.0001843483914854005,
1.184,0.00018434000958222896,
1.2,0.00018434491357766092,
1.216,0.0001843374193413183,
1.232,0.00018433119112160057,
1.248,0.0001843302306951955,
1.264,0.00018431918579153717,
1.28,0.00018432275101076812,
1.296,0.00018431831267662346,
1.312,0.00018431806529406458,
1.328,0.00018432922661304474,
1.344,0.00018432995420880616,
1.36,0.00018432999786455184,
1.376,0.00018432049546390772,
1.392,0.00018431410717312247,
1.408,0.00018431572243571281,
1.424,0.0001843163336161524,
1.44,0.0001843310601543635,
1.456,0.00018433178775012493,
1.472,0.00018433308287058026,
1.488,0.000184342497959733,
1.504,0.0001843441859818995,
1.52,0.00018435133097227663,
1.536,0.00018434380763210356,
1.552,0.0001843403879320249,
1.568,0.000184341668500565,
1.584,0.00018433122022543103,
1.6,0.0001843281352194026,
1.616,0.00018431141506880522,
1.632,0.00018430048658046871,
1.648,0.0001843064237618819,
1.664,0.00018430672935210168,
1.68,0.0001843184872996062,
1.696,0.00018432225624565035,
1.712,0.0001843261270551011,
1.728,0.00018433935474604368,
1.744,0.00018434216326568276,
1.76,0.00018434858066029847,
1.776,0.00018433986406307667,
1.792,0.0001843336649471894,
1.808,0.00018433701188769192,
1.824,0.00018432998331263661,
1.84,0.00018433076911605895,
1.856,0.00018432283832225949,
1.872,0.00018432203796692193,
1.888,0.00018433247169014066,
1.904,0.00018433539662510157,
1.92,0.00018434342928230762,
1.936,0.00018433676450513303,
1.952,0.00018433354853186756,
1.968,0.00018434120283927768,
1.984,0.0001843436184572056,
2.0,0.00018435216043144464,
2.016,0.00018434837693348527,
2.032,0.00018435031233821064,
2.048,0.00018435536185279489,
2.064,0.000184351927600801,
2.08,0.00018435946549288929,
2.096,0.00018435047240927815,
2.112,0.00018434775120113045,
2.128,0.00018435694801155478,
2.144,0.00018435041420161724,
2.16,0.00018435536185279489,
2.176,0.0001843475183704868,
2.192,0.0001843398786149919,
2.208,0.00018434722733218223,
2.224,0.00018434753292240202,
2.24,0.0001843617792474106,
2.256,0.00018435917445458472,
2.272,0.00018436610116623342,
2.288,0.00018431800708640367,
2.304,0.00018507993081584573,
2.32,0.0001951030717464164,
2.336,0.0002027285663643852,
2.352,0.00021691099391318858,
2.368,0.00022937745961826295,
2.384,0.0002393255999777466,
2.4,0.00025716886739246547,
2.416,0.000264050904661417,
2.432,0.00027564496849663556,
2.448,0.00028315180679783225,
2.464,0.0002865976421162486,
2.48,0.0002987918851431459,
2.496,0.00033395265927538276,
2.512,0.0003716036444529891,
2.528,0.0003900806186720729,
2.544,0.0004449006519280374,
2.56,0.0006569513352587819,
2.576,0.0007365258643403649,
2.592,0.0007744769682176411,
2.608,0.0015629162080585957,
2.624,0.002809794619679451,
2.64,0.004251724109053612,6032.568450308072
2.656,0.00494230305776,6056.583272434821
2.672,0.005161651410162449,6157.415698885019
2.688,0.004862749949097633,6158.25233859749
2.704,0.003828531363978982,5981.577117761862
2.72,0.0030136965215206146,
2.736,0.0023096902295947075,
2.752,0.0017374499002471566,
2.768,0.002063965192064643,
2.784,0.00336277112364769,5142.4122840108885
2.8,0.005026094615459442,5414.26373944739
2.816,0.006820238195359707,5664.096474480288
2.832,0.0077080074697732925,5700.693840507466
2.848,0.007777686696499586,5682.444699038466
2.864,0.007066724356263876,5623.047801376018
2.88,0.0054929498583078384,5516.348378054597
2.896,0.004025872331112623,5299.831157910089
2.912,0.003473184071481228,5030.063725477711
2.928,0.0041051628068089485,4524.910852861135
2.944,0.0048153032548725605,4130.607875792584
2.96,0.005728236865252256,3938.191058550209
2.976,0.007762114983052015,3660.632192920765
2.992,0.008138233795762062,3225.395103356632
3.008,0.007806622423231602,3103.8690738959112
3.024,0.007255027070641518,3180.074576394471
3.04,0.004696624353528023,3663.522890892049
3.056,0.00305092497728765,
3.072,0.0028382609598338604,
3.088,0.002713262801989913,
3.104,0.002824452705681324,
3.12,0.0030517245177179575,
3.136,0.003180199069902301,4984.228657982544
3.152,0.003185397246852517,4934.731209505498
3.168,0.0031387314666062593,
3.184,0.002830662066116929,
3.2,0.002661999547854066,
3.216,0.002526639262214303,
3.232,0.002284030430018902,
3.248,0.002119774930179119,
3.264,0.0017703399062156677,
3.28,0.0013475039741024375,
3.296,0.001018031849525869,
3.312,0.0007134214392863214,
3.328,0.0005782145308330655,
3.344,0.00044415119918994606,
3.36,0.00036233325954526663,
3.376,0.00031394013785757124,
3.392,0.0002677227894309908,
3.408,0.00024134459090419114,
3.424,0.00022457001614384353,
3.44,0.00021607099915854633,
3.456,0.0002122580772265792,
3.472,0.0002088269975502044,
3.488,0.00020636414410546422,
3.504,0.00020367310207802802,
3.52,0.00019915602752007544,
3.536,0.00019462248019408435,
3.552,0.0001901497453218326,
3.568,0.00018674557213671505,
3.584,0.00018483941676095128,
3.6,0.0001844644284574315,
3.616,0.0001843394711613655,
3.632,0.0001843256613938138,
3.648,0.000184326185262762,
3.664,0.00018432379874866456,
3.68,0.00018432973593007773,
3.696,0.00018432668002787977,
3.712,0.00018432496290188283,
3.728,0.00018433101649861783,
3.744,0.000184334596269764,
3.76,0.00018434252706356347,
3.776,0.00018433727382216603,
3.792,0.0001843377249315381,
3.808,0.00018434262892697006,
3.824,0.00018433877266943455,
3.84,0.00018434275989420712,
3.856,0.0001843368954723701,
3.872,0.000184335105586797,
3.888,0.00018434529192745686,
3.904,0.00018434927915222943,
3.92,0.00018435847596265376,
3.936,0.00018435233505442739,
3.952,0.0001843506470322609,
3.968,0.00018435779202263802,
3.984,0.00018435319361742586,
4.0,0.00018436141544952989,
4.016,0.00018435381934978068,
4.032,0.00018434791127219796,
4.048,0.00018435415404383093,
4.064,0.00018435106903780252,
4.08,0.000184355623787269,
4.096,0.00018434631056152284,
4.112,0.00018434179946780205,
4.128,0.00018434463709127158,
4.144,0.00018434110097587109,
4.16,0.00018434631056152284,
4.176,0.0001843370555434376,
4.192,0.00018433471268508583,
4.208,0.00018434363300912082,
4.224,0.00018434309458825737,
4.24,0.00018434948287904263,
4.256,0.00018434118828736246,
4.272,0.00018433712830301374,
4.288,0.00018434405501466244,
4.304,0.0001843428472056985,
4.32,0.00018435144738759845,
4.336,0.00018434791127219796,
4.352,0.00018434604862704873,
4.368,0.00018435341189615428,
4.384,0.0001843513164203614,
4.4,0.00018435456149745733,
4.416,0.0001843445497797802,
4.432,0.00018434083904139698,
4.448,0.00018434948287904263,
4.464,0.00018434696539770812,
4.48,0.00018435472156852484,
4.496,0.00018434724188409746,
4.512,0.0001843389472924173,
4.528,0.00018433990771882236,
4.544,0.00018433184595778584,
4.56,0.00018433436343912035,
4.576,0.00018432711658533663,
4.592,0.00018432897923048586,
4.608,0.00018433785589877516,
4.624,0.00018434181401971728,
4.64,0.00018435124366078526,
4.656,0.00018434188677929342,
4.672,0.00018434073717799038,
4.688,0.00018434725643601269,
4.704,0.00018434714002069086,
4.72,0.0001843575300881639,
4.736,0.00018435117090120912,
4.752,0.00018434497178532183,
4.768,0.0001843502395786345,
4.784,0.0001843446516431868,
4.8,0.00018434990488458425,
4.816,0.00018434308003634214,
4.832,0.00018433785589877516,
4.848,0.00018434456433169544,
4.864,0.00018434380763210356,
4.88,0.00018434789672028273,
4.896,0.00018434027151670307,
4.912,0.00018433995137456805,
4.928,0.00018434497178532183,
4.944,0.0001843345380621031,
4.96,0.000184336444362998,
4.976,0.00017242594913113862,
4.992,0.00014571691281162202,
