high_amplitude_ratio,time_s,rms,centroid_hz
0.0,0.025,0.15000000000000002,200.00000000015706
0.0,0.035,0.15000000000000002,200.00000000018736
0.0,0.045,0.15000000000000002,200.00000000022436
0.0,0.055,0.15000000000000002,200.00000000030096
0.0,0.065,0.15000000000000005,200.00000000034296
0.0,0.075,0.15000000000000005,200.00000000031474
0.0,0.085,0.15000000000000005,200.00000000028697
0.0,0.095,0.15000000000000005,200.00000000039714
0.0,0.105,0.15000000000000002,200.00000000052344
0.0,0.115,0.14999999999999997,200.00000000060263
0.0,0.125,0.1499999999999999,200.00000000067104
0.0,0.135,0.14999999999999988,200.0000000006207
0.0,0.145,0.14999999999999986,200.00000000053635
0.0,0.155,0.14999999999999986,200.00000000050122
0.0,0.165,0.14999999999999986,200.000000000519
0.0,0.175,0.14999999999999983,200.00000000054231
0.0,0.185,0.14999999999999983,200.00000000056423
0.0,0.195,0.14999999999999983,200.0000000007654
0.0,0.205,0.14999999999999986,200.00000000099533
0.0,0.215,0.14999999999999986,200.0000000009885
0.0,0.225,0.14999999999999986,200.00000000089142
0.0,0.235,0.14999999999999988,200.00000000097944
0.0,0.245,0.1499999999999999,200.00000000123035
0.0,0.255,0.14999999999999997,200.0000000013131
0.0,0.265,0.15000000000000002,200.00000000115634
0.0,0.275,0.15000000000000008,200.00000000106505
0.0,0.285,0.15000000000000008,200.0000000010652
0.0,0.295,0.15000000000000008,200.00000000109569
0.0,0.305,0.15000000000000005,200.0000000011197
0.0,0.315,0.15000000000000005,200.0000000011157
0.0,0.325,0.15000000000000005,200.00000000111015
0.0,0.335,0.15000000000000008,200.00000000106735
0.0,0.345,0.15000000000000008,200.00000000104663
0.0,0.355,0.15000000000000005,200.00000000109466
0.0,0.365,0.15000000000000005,200.00000000112246
0.0,0.375,0.15000000000000002,200.00000000110862
0.0,0.385,0.15000000000000005,200.0000000011233
0.0,0.395,0.15000000000000005,200.00000000134247
0.0,0.405,0.15000000000000005,200.00000000191235
0.0,0.415,0.15000000000000005,200.00000000209613
0.0,0.425,0.15000000000000005,200.00000000188294
0.0,0.435,0.15000000000000005,200.0000000019653
0.0,0.445,0.15000000000000002,200.00000000198457
0.0,0.455,0.15000000000000008,200.0000000019101
0.0,0.465,0.15000000000000013,200.00000000186182
0.0,0.475,0.15000000000000008,200.000000001909
0.0,0.485,0.15000000000000008,200.00000000206046
0.0,0.495,0.15000000000000005,200.00000000263884
0.0,0.505,0.15,200.00000000282262
0.0,0.515,0.15,200.00000000248184
0.0,0.525,0.15000000000000002,200.00000000238597
0.0,0.535,0.15,200.00000000241656
0.0,0.545,0.15000000000000002,200.00000000240433
0.0,0.555,0.15000000000000002,200.000000002315
0.0,0.565,0.15,200.00000000234985
0.0,0.575,0.15,200.00000000247107
0.0,0.585,0.15000000000000002,200.00000000243858
0.0,0.595,0.15000000000000002,200.00000000235767
0.0,0.605,0.15000000000000005,200.00000000233467
0.0,0.615,0.15,200.00000000234166
0.0,0.625,0.15,200.00000000242957
0.0,0.635,0.15000000000000002,200.0000000023868
0.0,0.645,0.15,200.0000000024104
0.0,0.655,0.15,200.00000000242184
0.0,0.665,0.15,200.0000000023498
0.0,0.675,0.15,200.00000000232166
0.0,0.685,0.15,200.00000000245691
0.0,0.695,0.14999999999999997,200.00000000251865
0.0,0.705,0.15,200.00000000240289
0.0,0.715,0.15000000000000002,200.0000000023271
0.0,0.725,0.15000000000000002,200.0000000023859
0.0,0.735,0.15,200.00000000244347
0.0,0.745,0.15,200.00000000240703
0.0,0.755,0.15,200.00000000239964
0.0,0.765,0.15,200.00000000243554
0.0,0.775,0.15000000000000002,200.00000000238603
0.0,0.785,0.15000000000000002,200.000000002326
0.0,0.795,0.15000000000000002,200.00000000241266
0.0,0.805,0.14999999999999994,200.00000000301196
0.0,0.815,0.14999999999999997,200.00000000391722
0.0,0.825,0.14999999999999997,200.00000000412905
0.0,0.835,0.14999999999999997,200.0000000039851
0.0,0.845,0.15,200.00000000406516
0.0,0.855,0.15000000000000005,200.00000000407397
0.0,0.865,0.14999999999999997,200.0000000041219
0.0,0.875,0.15,200.0000000041609
0.0,0.885,0.15000000000000005,200.0000000040883
0.0,0.895,0.15,200.00000000409617
0.0,0.905,0.15,200.00000000408696
0.0,0.915,0.15000000000000002,200.00000000397435
0.0,0.925,0.14999999999999997,200.00000000404503
0.0,0.935,0.14999999999999997,200.000000004191
0.0,0.945,0.14999999999999997,200.00000000420343
0.0,0.955,0.14999999999999997,200.00000000405944
0.0,0.965,0.15000000000000002,200.00000000396108
0.0,0.975,0.15000000000000005,200.00000000397085
0.0,0.985,0.14999999999999997,200.0000000042302
0.0,0.995,0.15,200.00000000538753
0.0,1.005,0.15,200.00000000553442
0.0,1.015,0.15000000000000005,200.0000000050064
0.0,1.025,0.15,200.00000000495154
0.0,1.035,0.15000000000000005,200.00000000492068
0.0,1.045,0.15000000000000002,200.00000000471388
0.0,1.055,0.15000000000000008,200.00000000462902
0.0,1.065,0.15,200.0000000047438
0.0,1.075,0.1500000000000001,200.00000000488077
0.0,1.085,0.15,200.00000000490957
0.0,1.095,0.15000000000000013,200.00000000479895
0.0,1.105,0.15,200.0000000046874
0.0,1.115,0.15000000000000002,200.0000000045528
0.0,1.125,0.1499999999999999,200.00000000476362
0.0,1.135,0.15000000000000005,200.00000000488322
0.0,1.145,0.1499999999999999,200.0000000049198
0.0,1.155,0.15000000000000005,200.00000000484832
0.0,1.165,0.1499999999999999,200.0000000047461
0.0,1.175,0.15,200.00000000470254
0.0,1.185,0.1499999999999999,200.00000000485574
0.0,1.195,0.14999999999999994,200.00000000505807
0.0,1.205,0.14999999999999994,200.0000000049834
0.0,1.215,0.15000000000000005,200.00000000473875
0.0,1.225,0.15,200.00000000465104
0.0,1.235,0.15,200.00000000476933
0.0,1.245,0.15000000000000002,200.00000000478022
0.0,1.255,0.14999999999999997,200.0000000049452
0.0,1.265,0.15000000000000002,200.0000000049927
0.0,1.275,0.15,200.00000000488507
0.0,1.285,0.15000000000000002,200.00000000477118
0.0,1.295,0.14999999999999997,200.0000000047698
0.0,1.305,0.15000000000000002,200.0000000049607
0.0,1.315,0.14999999999999988,200.0000000049547
0.0,1.325,0.15000000000000005,200.0000000047882
0.0,1.335,0.14999999999999997,200.00000000474537
0.0,1.345,0.15,200.00000000464107
0.0,1.355,0.14999999999999994,200.00000000471974
0.0,1.365,0.15000000000000005,200.0000000048075
0.0,1.375,0.1499999999999999,200.0000000048773
0.0,1.385,0.1500000000000001,200.0000000050209
0.0,1.395,0.15,200.00000000489806
0.0,1.405,0.15000000000000016,200.0000000048927
0.0,1.415,0.15000000000000002,200.0000000047863
0.0,1.425,0.1500000000000001,200.00000000473992
0.0,1.435,0.15000000000000002,200.0000000047721
0.0,1.445,0.15000000000000008,200.0000000047774
0.0,1.455,0.14999999999999997,200.00000000492682
0.0,1.465,0.15000000000000005,200.0000000048804
0.0,1.475,0.15000000000000005,200.00000000469115
0.0,1.485,0.15000000000000002,200.00000000483308
0.0,1.495,0.15000000000000002,200.00000000496365
0.0,1.505,0.15000000000000002,200.00000000498903
0.0,1.515,0.15000000000000002,200.00000000484908
0.0,1.525,0.15000000000000005,200.00000000468953
0.0,1.535,0.15000000000000008,200.0000000048804
0.0,1.545,0.14999999999999997,200.00000000492685
0.0,1.555,0.1500000000000001,200.00000000477672
0.0,1.565,0.15000000000000002,200.0000000047722
0.0,1.575,0.1500000000000001,200.00000000474077
0.0,1.585,0.15000000000000002,200.00000000478835
0.0,1.595,0.15000000000000016,200.00000000489416
0.0,1.605,0.14999999999999997,200.00000000489783
0.0,1.615,0.15,200.00000000522874
0.0,1.625,0.1499999999999999,200.0000000063858
0.0,1.635,0.15000000000000002,200.0000000075956
0.0,1.645,0.15,200.00000000762893
0.0,1.655,0.15000000000000008,200.00000000743566
0.0,1.665,0.14999999999999994,200.00000000730438
0.0,1.675,0.15000000000000005,200.00000000749276
0.0,1.685,0.1499999999999998,200.00000000747337
0.0,1.695,0.14999999999999988,200.0000000076413
0.0,1.705,0.14999999999999983,200.00000000749182
0.0,1.715,0.15000000000000005,200.00000000730523
0.0,1.725,0.14999999999999988,200.00000000728858
0.0,1.735,0.15000000000000008,200.00000000750828
0.0,1.745,0.15000000000000005,200.00000000754844
0.0,1.755,0.15000000000000002,200.0000000075784
0.0,1.765,0.15000000000000008,200.00000000747985
0.0,1.775,0.15000000000000002,200.000000007346
0.0,1.785,0.15000000000000005,200.00000000744168
0.0,1.795,0.14999999999999997,200.00000000750723
0.0,1.805,0.1500000000000001,200.0000000076208
0.0,1.815,0.1499999999999998,200.00000000753298
0.0,1.825,0.15000000000000008,200.00000000737717
0.0,1.835,0.14999999999999988,200.00000000751547
0.0,1.845,0.15,200.0000000074943
0.0,1.855,0.14999999999999983,200.0000000074748
0.0,1.865,0.15000000000000005,200.00000000739672
0.0,1.875,0.14999999999999986,200.00000000744558
0.0,1.885,0.15000000000000008,200.0000000077454
0.0,1.895,0.15,200.00000000761437
0.0,1.905,0.15000000000000013,200.00000000766022
0.0,1.915,0.1500000000000001,200.00000000745646
0.0,1.925,0.1500000000000001,200.00000000721204
0.0,1.935,0.1500000000000001,200.00000000738387
0.0,1.945,0.15000000000000008,200.0000000074604
0.0,1.955,0.15000000000000008,200.00000000758033
0.0,1.965,0.15000000000000002,200.0000000074917
0.0,1.975,0.15000000000000005,200.00000000739462
0.25,0.025,0.15000000000000002,560.0000000003305
0.25,0.035,0.15000000000000002,560.0000000004197
0.25,0.045,0.15000000000000002,560.0000000004816
0.25,0.055,0.15000000000000002,560.0000000006299
0.25,0.065,0.1499999999999999,560.0000000007352
0.25,0.075,0.15000000000000005,560.0000000007856
0.25,0.085,0.14999999999999994,560.0000000008513
0.25,0.095,0.15000000000000008,560.0000000008758
0.25,0.105,0.14999999999999988,560.0000000009509
0.25,0.115,0.1500000000000001,560.0000000010228
0.25,0.125,0.14999999999999988,560.000000001145
0.25,0.135,0.14999999999999997,560.0000000012316
0.25,0.145,0.14999999999999994,560.0000000012516
0.25,0.155,0.15000000000000008,560.000000001233
0.25,0.165,0.1499999999999999,560.0000000015626
0.25,0.175,0.1499999999999999,560.0000000016752
0.25,0.185,0.15000000000000002,560.0000000014529
0.25,0.195,0.14999999999999977,560.0000000016048
0.25,0.205,0.14999999999999977,560.0000000017883
0.25,0.215,0.14999999999999988,560.0000000016945
0.25,0.225,0.1499999999999999,560.0000000017338
0.25,0.235,0.14999999999999986,560.0000000018929
0.25,0.245,0.1499999999999999,560.0000000020767
0.25,0.255,0.15000000000000008,560.0000000020252
0.25,0.265,0.15000000000000022,560.0000000017594
0.25,0.275,0.1500000000000003,560.0000000019896
0.25,0.285,0.15000000000000008,560.0000000020858
0.25,0.295,0.14999999999999997,560.0000000019165
0.25,0.305,0.14999999999999977,560.0000000021159
0.25,0.315,0.14999999999999972,560.0000000025417
0.25,0.325,0.14999999999999997,560.0000000030899
0.25,0.335,0.15000000000000013,560.0000000034682
0.25,0.345,0.15000000000000024,560.0000000034689
0.25,0.355,0.15000000000000044,560.0000000032097
0.25,0.365,0.15000000000000022,560.0000000031823
0.25,0.375,0.14999999999999997,560.0000000032629
0.25,0.385,0.15000000000000022,560.0000000031216
0.25,0.395,0.15000000000000036,560.0000000032262
0.25,0.405,0.1500000000000001,560.0000000036506
0.25,0.415,0.15000000000000002,560.000000003618
0.25,0.425,0.14999999999999988,560.0000000034726
0.25,0.435,0.14999999999999963,560.0000000037608
0.25,0.445,0.14999999999999972,560.0000000037094
0.25,0.455,0.14999999999999994,560.0000000034877
0.25,0.465,0.15000000000000002,560.0000000037436
0.25,0.475,0.15000000000000024,560.0000000037015
0.25,0.485,0.15000000000000033,560.0000000037589
0.25,0.495,0.15000000000000002,560.0000000051115
0.25,0.505,0.14999999999999994,560.0000000056211
0.25,0.515,0.15,560.0000000050627
0.25,0.525,0.14999999999999986,560.0000000051483
0.25,0.535,0.14999999999999988,560.0000000053301
0.25,0.545,0.15000000000000033,560.0000000050162
0.25,0.555,0.15000000000000022,560.0000000050334
0.25,0.565,0.1500000000000002,560.0000000052464
0.25,0.575,0.15000000000000024,560.0000000050106
0.25,0.585,0.15000000000000013,560.0000000051167
0.25,0.595,0.14999999999999977,560.0000000053419
0.25,0.605,0.1499999999999999,560.0000000052013
0.25,0.615,0.15,560.0000000052696
0.25,0.625,0.1499999999999999,560.0000000054196
0.25,0.635,0.15000000000000005,560.0000000052055
0.25,0.645,0.1500000000000001,560.0000000060809
0.25,0.655,0.15,560.0000000073347
0.25,0.665,0.15000000000000038,560.0000000072737
0.25,0.675,0.15000000000000038,560.0000000068594
0.25,0.685,0.15000000000000027,560.0000000070977
0.25,0.695,0.15000000000000005,560.0000000069682
0.25,0.705,0.1500000000000003,560.0000000067242
0.25,0.715,0.14999999999999986,560.0000000070072
0.25,0.725,0.15000000000000016,560.0000000070236
0.25,0.735,0.15000000000000005,560.000000006831
0.25,0.745,0.15000000000000008,560.0000000070418
0.25,0.755,0.14999999999999986,560.0000000070459
0.25,0.765,0.14999999999999988,560.0000000068353
0.25,0.775,0.14999999999999958,560.0000000070213
0.25,0.785,0.14999999999999997,560.0000000073173
0.25,0.795,0.15000000000000033,560.0000000068827
0.25,0.805,0.1500000000000002,560.0000000068823
0.25,0.815,0.14999999999999997,560.0000000075553
0.25,0.825,0.15000000000000008,560.0000000076088
0.25,0.835,0.14999999999999972,560.0000000077488
0.25,0.845,0.14999999999999952,560.000000007969
0.25,0.855,0.14999999999999966,560.0000000078313
0.25,0.865,0.1499999999999998,560.0000000077623
0.25,0.875,0.14999999999999966,560.0000000080175
0.25,0.885,0.1499999999999999,560.0000000076416
0.25,0.895,0.14999999999999966,560.0000000074082
0.25,0.905,0.14999999999999972,560.0000000078355
0.25,0.915,0.14999999999999994,560.0000000076816
0.25,0.925,0.1500000000000002,560.0000000071954
0.25,0.935,0.14999999999999994,560.0000000075465
0.25,0.945,0.1500000000000001,560.0000000076017
0.25,0.955,0.15000000000000008,560.0000000073168
0.25,0.965,0.15,560.0000000072951
0.25,0.975,0.14999999999999988,560.0000000073472
0.25,0.985,0.1500000000000001,560.000000007491
0.25,0.995,0.1500000000000002,560.0000000094369
0.25,1.005,0.15000000000000022,560.0000000105537
0.25,1.015,0.15000000000000044,560.00000001008
0.25,1.025,0.15000000000000033,560.0000000102802
0.25,1.035,0.1500000000000005,560.0000000102003
0.25,1.045,0.15000000000000072,560.0000000096114
0.25,1.055,0.1500000000000006,560.0000000098178
0.25,1.065,0.15000000000000027,560.0000000098925
0.25,1.075,0.15000000000000033,560.000000009757
0.25,1.085,0.1499999999999998,560.0000000099559
0.25,1.095,0.14999999999999972,560.0000000102041
0.25,1.105,0.14999999999999966,560.0000000097342
0.25,1.115,0.14999999999999974,560.0000000097594
0.25,1.125,0.1499999999999996,560.0000000100066
0.25,1.135,0.14999999999999958,560.0000000099756
0.25,1.145,0.1499999999999993,560.0000000099753
0.25,1.155,0.1499999999999994,560.000000010105
0.25,1.165,0.14999999999999947,560.0000000099961
0.25,1.175,0.1499999999999998,560.000000009902
0.25,1.185,0.14999999999999972,560.0000000100662
0.25,1.195,0.14999999999999997,560.000000009852
0.25,1.205,0.14999999999999986,560.0000000097542
0.25,1.215,0.14999999999999966,560.0000000099616
0.25,1.225,0.14999999999999938,560.0000000100162
0.25,1.235,0.14999999999999983,560.0000000099596
0.25,1.245,0.1499999999999998,560.0000000102036
0.25,1.255,0.1499999999999998,560.0000000101891
0.25,1.265,0.15,560.0000000098852
0.25,1.275,0.15000000000000002,560.0000000098365
0.25,1.285,0.15000000000000008,560.0000000101579
0.25,1.295,0.1500000000000001,560.0000000107667
0.25,1.305,0.15000000000000016,560.0000000124099
0.25,1.315,0.14999999999999974,560.0000000133434
0.25,1.325,0.14999999999999958,560.0000000127636
0.25,1.335,0.14999999999999936,560.000000013087
0.25,1.345,0.1499999999999992,560.0000000129928
0.25,1.355,0.14999999999999888,560.0000000125979
0.25,1.365,0.14999999999999947,560.0000000129663
0.25,1.375,0.14999999999999952,560.0000000131573
0.25,1.385,0.14999999999999925,560.0000000129318
0.25,1.395,0.14999999999999916,560.000000012838
0.25,1.405,0.14999999999999944,560.0000000132842
0.25,1.415,0.14999999999999952,560.0000000129248
0.25,1.425,0.15,560.0000000127452
0.25,1.435,0.15000000000000002,560.0000000128039
0.25,1.445,0.15000000000000038,560.0000000127666
0.25,1.455,0.15000000000000063,560.0000000127457
0.25,1.465,0.15000000000000047,560.0000000130913
0.25,1.475,0.15000000000000058,560.0000000131477
0.25,1.485,0.15000000000000072,560.000000012788
0.25,1.495,0.15000000000000047,560.0000000125241
0.25,1.505,0.1500000000000005,560.000000012401
0.25,1.515,0.15000000000000047,560.000000012409
0.25,1.525,0.1500000000000002,560.0000000125789
0.25,1.535,0.15000000000000074,560.0000000123673
0.25,1.545,0.15000000000000105,560.0000000119968
0.25,1.555,0.1500000000000009,560.000000012494
0.25,1.565,0.15000000000000052,560.0000000125672
0.25,1.575,0.1500000000000006,560.0000000124307
0.25,1.585,0.15000000000000038,560.0000000128648
0.25,1.595,0.15000000000000005,560.0000000131222
0.25,1.605,0.1499999999999999,560.000000012751
0.25,1.615,0.15000000000000022,560.000000012876
0.25,1.625,0.14999999999999977,560.0000000133456
0.25,1.635,0.14999999999999958,560.0000000134526
0.25,1.645,0.14999999999999952,560.0000000136097
0.25,1.655,0.14999999999999938,560.0000000138359
0.25,1.665,0.14999999999999952,560.0000000134902
0.25,1.675,0.14999999999999994,560.0000000134959
0.25,1.685,0.14999999999999947,560.0000000138402
0.25,1.695,0.14999999999999994,560.0000000139452
0.25,1.705,0.14999999999999988,560.0000000141347
0.25,1.715,0.1499999999999997,560.0000000143642
0.25,1.725,0.14999999999999958,560.0000000142751
0.25,1.735,0.15000000000000008,560.0000000144526
0.25,1.745,0.14999999999999994,560.0000000145076
0.25,1.755,0.1500000000000001,560.0000000140465
0.25,1.765,0.15000000000000005,560.000000013831
0.25,1.775,0.14999999999999994,560.0000000140425
0.25,1.785,0.1500000000000002,560.0000000140784
0.25,1.795,0.15000000000000044,560.0000000139061
0.25,1.805,0.1500000000000007,560.000000013863
0.25,1.815,0.15000000000000052,560.0000000138014
0.25,1.825,0.15000000000000094,560.000000013778
0.25,1.835,0.15000000000000066,560.0000000139645
0.25,1.845,0.1500000000000002,560.0000000141505
0.25,1.855,0.15000000000000024,560.0000000141642
0.25,1.865,0.15000000000000074,560.0000000140824
0.25,1.875,0.15000000000000024,560.000000014235
0.25,1.885,0.1500000000000001,560.0000000140852
0.25,1.895,0.14999999999999977,560.0000000141094
0.25,1.905,0.1499999999999996,560.0000000144189
0.25,1.915,0.1499999999999998,560.0000000140512
0.25,1.925,0.15000000000000005,560.0000000137368
0.25,1.935,0.15,560.0000000138884
0.25,1.945,0.15000000000000002,560.0000000137221
0.25,1.955,0.14999999999999966,560.000000013626
0.25,1.965,0.1499999999999991,560.0000000138926
0.25,1.975,0.14999999999999905,560.0000000139207
0.5,0.025,0.15000000000000005,800.0000000004846
0.5,0.035,0.15000000000000005,800.0000000006194
0.5,0.045,0.15000000000000005,800.0000000007038
0.5,0.055,0.15000000000000005,800.000000000909
0.5,0.065,0.14999999999999986,800.0000000010647
0.5,0.075,0.15000000000000008,800.0000000011615
0.5,0.085,0.14999999999999988,800.0000000012701
0.5,0.095,0.1500000000000001,800.0000000012774
0.5,0.105,0.14999999999999972,800.0000000013273
0.5,0.115,0.1500000000000002,800.0000000014126
0.5,0.125,0.15,800.0000000015751
0.5,0.135,0.15000000000000002,800.0000000017403
0.5,0.145,0.15000000000000005,800.0000000017938
0.5,0.155,0.15000000000000044,800.0000000017925
0.5,0.165,0.15000000000000002,800.0000000023364
0.5,0.175,0.14999999999999988,800.0000000024849
0.5,0.185,0.15000000000000038,800.0000000021214
0.5,0.195,0.1499999999999998,800.0000000022858
0.5,0.205,0.14999999999999966,800.0000000024824
0.5,0.215,0.15000000000000008,800.0000000022908
0.5,0.225,0.15000000000000002,800.0000000023824
0.5,0.235,0.1499999999999999,800.0000000026445
0.5,0.245,0.1499999999999999,800.0000000029594
0.5,0.255,0.15000000000000027,800.0000000029166
0.5,0.265,0.1500000000000004,800.0000000024772
0.5,0.275,0.15000000000000044,800.0000000028738
0.5,0.285,0.15,800.000000003032
0.5,0.295,0.1500000000000001,800.0000000026597
0.5,0.305,0.1499999999999996,800.0000000029952
0.5,0.315,0.14999999999999938,800.0000000037384
0.5,0.325,0.15000000000000008,800.0000000045578
0.5,0.335,0.15000000000000024,800.0000000051933
0.5,0.345,0.15000000000000027,800.0000000052029
0.5,0.355,0.15000000000000085,800.0000000047753
0.5,0.365,0.15000000000000044,800.0000000047727
0.5,0.375,0.14999999999999977,800.0000000049529
0.5,0.385,0.15000000000000044,800.0000000046982
0.5,0.395,0.15000000000000072,800.0000000047652
0.5,0.405,0.15000000000000002,800.0000000052305
0.5,0.415,0.1500000000000001,800.0000000050135
0.5,0.425,0.1499999999999999,800.0000000048573
0.5,0.435,0.14999999999999922,800.0000000053367
0.5,0.445,0.14999999999999952,800.0000000051971
0.5,0.455,0.15000000000000005,800.0000000048547
0.5,0.465,0.14999999999999986,800.0000000053507
0.5,0.475,0.15000000000000036,800.000000005252
0.5,0.485,0.15000000000000072,800.0000000052318
0.5,0.495,0.14999999999999994,800.0000000072204
0.5,0.505,0.1499999999999998,800.0000000079693
0.5,0.515,0.1500000000000002,800.0000000071658
0.5,0.525,0.14999999999999972,800.0000000074022
0.5,0.535,0.1499999999999997,800.0000000076509
0.5,0.545,0.15000000000000072,800.0000000071202
0.5,0.555,0.1500000000000004,800.0000000072392
0.5,0.565,0.1500000000000002,800.0000000075573
0.5,0.575,0.15000000000000063,800.0000000071213
0.5,0.585,0.15000000000000027,800.0000000073406
0.5,0.595,0.14999999999999944,800.0000000077068
0.5,0.605,0.15,800.0000000074124
0.5,0.615,0.1500000000000001,800.0000000074772
0.5,0.625,0.14999999999999972,800.0000000077349
0.5,0.635,0.15000000000000016,800.0000000074302
0.5,0.645,0.1500000000000003,800.0000000090477
0.5,0.655,0.14999999999999977,800.00000001113
0.5,0.665,0.15000000000000072,800.0000000109549
0.5,0.675,0.15000000000000085,800.0000000102692
0.5,0.685,0.15000000000000036,800.0000000106968
0.5,0.695,0.1500000000000002,800.0000000105031
0.5,0.705,0.15000000000000072,800.0000000100731
0.5,0.715,0.14999999999999958,800.0000000105231
0.5,0.725,0.15000000000000022,800.000000010533
0.5,0.735,0.1500000000000003,800.0000000101653
0.5,0.745,0.15000000000000002,800.000000010427
0.5,0.755,0.1499999999999997,800.0000000104981
0.5,0.765,0.15000000000000005,800.0000000101228
0.5,0.775,0.14999999999999925,800.0000000104848
0.5,0.785,0.14999999999999986,800.000000010909
0.5,0.795,0.15000000000000072,800.0000000102732
0.5,0.805,0.1500000000000004,800.000000010195
0.5,0.815,0.14999999999999983,800.0000000108763
0.5,0.825,0.15000000000000033,800.0000000107143
0.5,0.835,0.14999999999999958,800.0000000108683
0.5,0.845,0.14999999999999905,800.0000000111837
0.5,0.855,0.14999999999999952,800.0000000109455
0.5,0.865,0.14999999999999977,800.0000000108423
0.5,0.875,0.14999999999999927,800.0000000112618
0.5,0.885,0.14999999999999988,800.000000010744
0.5,0.895,0.14999999999999952,800.0000000104076
0.5,0.905,0.14999999999999933,800.000000011119
0.5,0.915,0.14999999999999994,800.0000000109071
0.5,0.925,0.15000000000000052,800.00000001023
0.5,0.935,0.14999999999999986,800.0000000107782
0.5,0.945,0.15000000000000027,800.0000000107093
0.5,0.955,0.15000000000000036,800.0000000102997
0.5,0.965,0.14999999999999988,800.0000000105765
0.5,0.975,0.14999999999999977,800.0000000105438
0.5,0.985,0.1500000000000004,800.0000000105662
0.5,0.995,0.15000000000000024,800.0000000134746
0.5,1.005,0.15000000000000038,800.0000000150741
0.5,1.015,0.150000000000001,800.000000014151
0.5,1.025,0.15000000000000055,800.0000000144943
0.5,1.035,0.15000000000000074,800.0000000144632
0.5,1.045,0.1500000000000014,800.0000000136911
0.5,1.055,0.15000000000000102,800.000000014091
0.5,1.065,0.1500000000000004,800.0000000141728
0.5,1.075,0.15000000000000063,800.0000000136806
0.5,1.085,0.14999999999999974,800.000000014106
0.5,1.095,0.14999999999999927,800.0000000146395
0.5,1.105,0.14999999999999958,800.0000000137745
0.5,1.115,0.14999999999999966,800.0000000138523
0.5,1.125,0.14999999999999927,800.0000000143658
0.5,1.135,0.14999999999999933,800.0000000140659
0.5,1.145,0.14999999999999902,800.00000001408
0.5,1.155,0.14999999999999883,800.0000000144869
0.5,1.165,0.14999999999999925,800.0000000142242
0.5,1.175,0.14999999999999983,800.0000000140622
0.5,1.185,0.14999999999999952,800.0000000143829
0.5,1.195,0.15,800.0000000139871
0.5,1.205,0.15,800.0000000137162
0.5,1.215,0.1499999999999993,800.0000000141792
0.5,1.225,0.14999999999999894,800.0000000142849
0.5,1.235,0.14999999999999988,800.0000000139999
0.5,1.245,0.1499999999999996,800.0000000145337
0.5,1.255,0.14999999999999966,800.0000000143814
0.5,1.265,0.15000000000000016,800.0000000137755
0.5,1.275,0.15000000000000008,800.0000000138812
0.5,1.285,0.15,800.0000000144139
0.5,1.295,0.15000000000000047,800.0000000155426
0.5,1.305,0.15000000000000033,800.0000000182315
0.5,1.315,0.1499999999999996,800.0000000197023
0.5,1.325,0.1499999999999993,800.000000018862
0.5,1.335,0.149999999999999,800.0000000194639
0.5,1.345,0.1499999999999984,800.0000000194881
0.5,1.355,0.1499999999999983,800.0000000186482
0.5,1.365,0.14999999999999927,800.0000000190894
0.5,1.375,0.14999999999999922,800.0000000193734
0.5,1.385,0.1499999999999987,800.000000018907
0.5,1.395,0.14999999999999863,800.0000000189551
0.5,1.405,0.14999999999999877,800.0000000196394
0.5,1.415,0.1499999999999992,800.0000000189879
0.5,1.425,0.15000000000000016,800.0000000188206
0.5,1.435,0.15,800.0000000189035
0.5,1.445,0.15000000000000066,800.0000000187794
0.5,1.455,0.1500000000000013,800.0000000188123
0.5,1.465,0.15000000000000072,800.000000019366
0.5,1.475,0.150000000000001,800.0000000193753
0.5,1.485,0.1500000000000015,800.0000000187198
0.5,1.495,0.1500000000000008,800.0000000184034
0.5,1.505,0.15000000000000077,800.0000000183802
0.5,1.515,0.15000000000000088,800.0000000184629
0.5,1.525,0.15000000000000024,800.0000000188559
0.5,1.535,0.15000000000000122,800.0000000187028
0.5,1.545,0.1500000000000021,800.0000000181006
0.5,1.555,0.15000000000000152,800.0000000188007
0.5,1.565,0.15000000000000072,800.0000000188733
0.5,1.575,0.15000000000000105,800.000000018422
0.5,1.585,0.15000000000000072,800.000000019052
0.5,1.595,0.14999999999999988,800.0000000195623
0.5,1.605,0.15000000000000008,800.000000018848
0.5,1.615,0.15000000000000044,800.0000000188816
0.5,1.625,0.14999999999999944,800.0000000193455
0.5,1.635,0.1499999999999993,800.0000000190869
0.5,1.645,0.14999999999999933,800.0000000192538
0.5,1.655,0.14999999999999883,800.0000000197164
0.5,1.665,0.14999999999999933,800.0000000190528
0.5,1.675,0.15,800.0000000190421
0.5,1.685,0.14999999999999905,800.0000000197136
0.5,1.695,0.14999999999999994,800.0000000195275
0.5,1.705,0.15000000000000013,800.0000000195979
0.5,1.715,0.1499999999999994,800.0000000198683
0.5,1.725,0.14999999999999933,800.0000000196957
0.5,1.735,0.1500000000000002,800.0000000199557
0.5,1.745,0.14999999999999966,800.000000020303
0.5,1.755,0.1500000000000001,800.000000019631
0.5,1.765,0.15000000000000024,800.0000000192839
0.5,1.775,0.14999999999999997,800.0000000196418
0.5,1.785,0.15000000000000016,800.0000000197921
0.5,1.795,0.1500000000000009,800.0000000195278
0.5,1.805,0.150000000000001,800.0000000194425
0.5,1.815,0.1500000000000009,800.0000000194061
0.5,1.825,0.15000000000000174,800.0000000192822
0.5,1.835,0.1500000000000013,800.0000000193744
0.5,1.845,0.1500000000000001,800.0000000199184
0.5,1.855,0.15000000000000052,800.000000019954
0.5,1.865,0.15000000000000127,800.000000019962
0.5,1.875,0.15000000000000038,800.0000000201746
0.5,1.885,0.15000000000000022,800.0000000195093
0.5,1.895,0.14999999999999966,800.000000019633
0.5,1.905,0.14999999999999905,800.0000000201971
0.5,1.915,0.14999999999999944,800.0000000196535
0.5,1.925,0.15000000000000002,800.0000000192558
0.5,1.935,0.14999999999999974,800.0000000195246
0.5,1.945,0.15000000000000002,800.0000000192185
0.5,1.955,0.14999999999999944,800.0000000190354
0.5,1.965,0.14999999999999827,800.0000000195452
0.5,1.975,0.14999999999999816,800.0000000195774
1.0,0.025,0.1500000000000001,1100.0000000006694
1.0,0.035,0.15000000000000008,1100.0000000008527
1.0,0.045,0.15000000000000008,1100.000000000965
1.0,0.055,0.15000000000000005,1100.00000000124
1.0,0.065,0.14999999999999983,1100.0000000014577
1.0,0.075,0.15000000000000005,1100.0000000015982
1.0,0.085,0.1499999999999998,1100.000000001752
1.0,0.095,0.1500000000000001,1100.000000001751
1.0,0.105,0.14999999999999947,1100.000000001778
1.0,0.115,0.15000000000000024,1100.0000000018833
1.0,0.125,0.15000000000000024,1100.0000000021046
1.0,0.135,0.14999999999999997,1100.0000000023456
1.0,0.145,0.1500000000000001,1100.000000002419
1.0,0.155,0.15000000000000105,1100.00000000245
1.0,0.165,0.15000000000000005,1100.000000003228
1.0,0.175,0.14999999999999966,1100.000000003399
1.0,0.185,0.1500000000000009,1100.0000000028876
1.0,0.195,0.14999999999999986,1100.0000000030798
1.0,0.205,0.1499999999999993,1100.0000000033117
1.0,0.215,0.1500000000000005,1100.0000000030077
1.0,0.225,0.15000000000000024,1100.0000000031491
1.0,0.235,0.14999999999999997,1100.0000000035343
1.0,0.245,0.1499999999999998,1100.0000000040209
1.0,0.255,0.1500000000000005,1100.0000000040231
1.0,0.265,0.15000000000000052,1100.0000000033617
1.0,0.275,0.15000000000000038,1100.0000000039392
1.0,0.285,0.14999999999999963,1100.00000000416
1.0,0.295,0.1500000000000005,1100.0000000035327
1.0,0.305,0.14999999999999952,1100.0000000040236
1.0,0.315,0.14999999999999888,1100.0000000051261
1.0,0.325,0.15000000000000044,1100.0000000062496
1.0,0.335,0.15000000000000044,1100.0000000071716
1.0,0.345,0.14999999999999997,1100.000000007188
1.0,0.355,0.15000000000000133,1100.0000000065852
1.0,0.365,0.15000000000000072,1100.0000000066154
1.0,0.375,0.14999999999999927,1100.0000000069274
1.0,0.385,0.15000000000000066,1100.0000000065238
1.0,0.395,0.15000000000000113,1100.000000006565
1.0,0.405,0.1499999999999996,1100.0000000071348
1.0,0.415,0.15000000000000022,1100.000000006763
1.0,0.425,0.15000000000000024,1100.0000000065602
1.0,0.435,0.14999999999999863,1100.0000000072419
1.0,0.445,0.14999999999999938,1100.0000000070002
1.0,0.455,0.15000000000000044,1100.0000000065395
1.0,0.465,0.14999999999999944,1100.0000000072826
1.0,0.475,0.15000000000000027,1100.0000000070988
1.0,0.485,0.15000000000000133,1100.0000000069983
1.0,0.495,0.14999999999999966,1100.0000000097652
1.0,0.505,0.1499999999999995,1100.0000000107723
1.0,0.515,0.15000000000000066,1100.0000000096557
1.0,0.525,0.14999999999999947,1100.000000010075
1.0,0.535,0.14999999999999927,1100.0000000103823
1.0,0.545,0.15000000000000133,1100.000000009631
1.0,0.555,0.15000000000000055,1100.0000000098637
1.0,0.565,0.14999999999999983,1100.0000000103369
1.0,0.575,0.15000000000000113,1100.000000009652
1.0,0.585,0.1500000000000004,1100.0000000099953
1.0,0.595,0.14999999999999886,1100.0000000105335
1.0,0.605,0.15000000000000024,1100.0000000100388
1.0,0.615,0.15000000000000033,1100.00000001006
1.0,0.625,0.1499999999999992,1100.0000000104715
1.0,0.635,0.15000000000000036,1100.0000000100965
1.0,0.645,0.15000000000000058,1100.00000001253
1.0,0.655,0.14999999999999925,1100.000000015537
1.0,0.665,0.150000000000001,1100.0000000152029
1.0,0.675,0.15000000000000144,1100.0000000142013
1.0,0.685,0.15000000000000008,1100.0000000148596
1.0,0.695,0.15000000000000036,1100.0000000145963
1.0,0.705,0.15000000000000127,1100.0000000139696
1.0,0.715,0.14999999999999908,1100.000000014589
1.0,0.725,0.1500000000000002,1100.000000014606
1.0,0.735,0.15000000000000085,1100.000000014026
1.0,0.745,0.14999999999999972,1100.0000000143395
1.0,0.755,0.14999999999999944,1100.00000001449
1.0,0.765,0.15000000000000055,1100.000000013956
1.0,0.775,0.14999999999999883,1100.0000000144926
1.0,0.785,0.1499999999999995,1100.0000000150303
1.0,0.795,0.15000000000000133,1100.000000014183
1.0,0.805,0.1500000000000005,1100.0000000140499
1.0,0.815,0.14999999999999938,1100.0000000148539
1.0,0.825,0.15000000000000077,1100.0000000144446
1.0,0.835,0.1499999999999995,1100.0000000145774
1.0,0.845,0.14999999999999836,1100.0000000149607
1.0,0.855,0.14999999999999963,1100.0000000146226
1.0,0.865,0.14999999999999988,1100.0000000144705
1.0,0.875,0.14999999999999866,1100.000000015085
1.0,0.885,0.14999999999999997,1100.000000014487
1.0,0.895,0.1499999999999996,1100.0000000140706
1.0,0.905,0.1499999999999987,1100.0000000150753
1.0,0.915,0.14999999999999997,1100.000000014769
1.0,0.925,0.15000000000000097,1100.000000013913
1.0,0.935,0.1499999999999995,1100.000000014703
1.0,0.945,0.1500000000000004,1100.0000000144653
1.0,0.955,0.15000000000000085,1100.0000000138755
1.0,0.965,0.14999999999999958,1100.0000000145303
1.0,0.975,0.14999999999999958,1100.000000014394
1.0,0.985,0.15000000000000088,1100.0000000143004
1.0,0.995,0.15000000000000005,1100.0000000185178
1.0,1.005,0.15000000000000038,1100.0000000205275
1.0,1.015,0.15000000000000174,1100.000000019
1.0,1.025,0.15000000000000063,1100.0000000195485
1.0,1.035,0.15000000000000077,1100.0000000195698
1.0,1.045,0.15000000000000227,1100.0000000184964
1.0,1.055,0.1500000000000013,1100.0000000191135
1.0,1.065,0.1500000000000002,1100.0000000192053
1.0,1.075,0.1500000000000011,1100.0000000183713
1.0,1.085,0.1499999999999998,1100.0000000190967
1.0,1.095,0.14999999999999863,1100.0000000199104
1.0,1.105,0.14999999999999974,1100.0000000185732
1.0,1.115,0.14999999999999972,1100.0000000187067
1.0,1.125,0.14999999999999875,1100.0000000194602
1.0,1.135,0.14999999999999933,1100.0000000188893
1.0,1.145,0.1499999999999991,1100.0000000188984
1.0,1.155,0.1499999999999981,1100.0000000196344
1.0,1.165,0.1499999999999992,1100.0000000191897
1.0,1.175,0.15000000000000013,1100.0000000188882
1.0,1.185,0.14999999999999913,1100.0000000195282
1.0,1.195,0.14999999999999997,1100.0000000189193
1.0,1.205,0.15000000000000044,1100.0000000183877
1.0,1.215,0.1499999999999989,1100.0000000191355
1.0,1.225,0.1499999999999986,1100.0000000192954
1.0,1.235,0.15000000000000024,1100.000000018827
1.0,1.245,0.1499999999999993,1100.0000000196344
1.0,1.255,0.14999999999999944,1100.0000000193181
1.0,1.265,0.15000000000000063,1100.0000000183782
1.0,1.275,0.1500000000000001,1100.0000000186421
1.0,1.285,0.14999999999999958,1100.000000019412
1.0,1.295,0.1500000000000012,1100.0000000211407
1.0,1.305,0.15000000000000055,1100.0000000249388
1.0,1.315,0.14999999999999938,1100.0000000270577
1.0,1.325,0.14999999999999916,1100.000000025907
1.0,1.335,0.14999999999999888,1100.0000000268014
1.0,1.345,0.1499999999999974,1100.0000000269908
1.0,1.355,0.14999999999999822,1100.000000025579
1.0,1.365,0.14999999999999947,1100.00000002607
1.0,1.375,0.14999999999999897,1100.0000000264806
1.0,1.385,0.14999999999999855,1100.0000000257926
1.0,1.395,0.1499999999999984,1100.0000000260034
1.0,1.405,0.14999999999999789,1100.000000026957
1.0,1.415,0.14999999999999908,1100.000000025983
1.0,1.425,0.15000000000000063,1100.0000000257485
1.0,1.435,0.14999999999999988,1100.0000000259174
1.0,1.445,0.1500000000000009,1100.0000000256525
1.0,1.455,0.15000000000000194,1100.0000000257755
1.0,1.465,0.15000000000000066,1100.0000000265998
1.0,1.475,0.15000000000000133,1100.0000000265168
1.0,1.485,0.15000000000000255,1100.0000000255209
1.0,1.495,0.15000000000000088,1100.0000000251714
1.0,1.505,0.15000000000000077,1100.0000000252448
1.0,1.515,0.1500000000000013,1100.000000025401
1.0,1.525,0.1500000000000001,1100.0000000261055
1.0,1.535,0.1500000000000014,1100.00000002601
1.0,1.545,0.15000000000000335,1100.0000000251428
1.0,1.555,0.15000000000000185,1100.0000000260459
1.0,1.565,0.15000000000000027,1100.0000000261382
1.0,1.575,0.1500000000000015,1100.0000000252742
1.0,1.585,0.15000000000000097,1100.0000000261446
1.0,1.595,0.1499999999999995,1100.000000026989
1.0,1.605,0.15000000000000052,1100.00000002587
1.0,1.615,0.15000000000000063,1100.0000000258112
1.0,1.625,0.14999999999999863,1100.0000000263854
1.0,1.635,0.14999999999999902,1100.000000025765
1.0,1.645,0.14999999999999944,1100.0000000259668
1.0,1.655,0.14999999999999827,1100.000000026604
1.0,1.665,0.1499999999999993,1100.0000000255561
1.0,1.675,0.1500000000000002,1100.0000000255998
1.0,1.685,0.14999999999999833,1100.0000000267041
1.0,1.695,0.1499999999999997,1100.0000000261775
1.0,1.705,0.15000000000000066,1100.0000000260181
1.0,1.715,0.14999999999999913,1100.000000026285
1.0,1.725,0.149999999999999,1100.0000000260889
1.0,1.735,0.15000000000000038,1100.0000000264076
1.0,1.745,0.14999999999999897,1100.0000000270531
1.0,1.755,0.14999999999999986,1100.000000026219
1.0,1.765,0.15000000000000077,1100.0000000256737
1.0,1.775,0.15000000000000005,1100.0000000261493
1.0,1.785,0.1499999999999998,1100.0000000265063
1.0,1.795,0.1500000000000015,1100.0000000262396
1.0,1.805,0.15000000000000085,1100.000000026105
1.0,1.815,0.15000000000000072,1100.0000000260939
1.0,1.825,0.15000000000000252,1100.0000000257273
1.0,1.835,0.15000000000000177,1100.000000025706
1.0,1.845,0.14999999999999958,1100.0000000267232
1.0,1.855,0.15000000000000066,1100.000000026719
1.0,1.865,0.15000000000000155,1100.000000026836
1.0,1.875,0.15000000000000008,1100.000000027176
1.0,1.885,0.15000000000000033,1100.0000000259104
1.0,1.895,0.1499999999999997,1100.0000000261273
1.0,1.905,0.14999999999999813,1100.0000000269245
1.0,1.915,0.14999999999999877,1100.00000002629
1.0,1.925,0.14999999999999997,1100.0000000257874
1.0,1.935,0.14999999999999925,1100.000000026208
1.0,1.945,0.15,1100.0000000258174
1.0,1.955,0.14999999999999944,1100.000000025485
1.0,1.965,0.14999999999999727,1100.000000026297
1.0,1.975,0.1499999999999973,1100.0000000262444
2.0,0.025,0.1500000000000001,1400.000000000837
2.0,0.035,0.1500000000000001,1400.0000000010623
2.0,0.045,0.15000000000000008,1400.000000001197
2.0,0.055,0.15000000000000008,1400.0000000015357
2.0,0.065,0.14999999999999986,1400.0000000018092
2.0,0.075,0.15000000000000002,1400.000000001986
2.0,0.085,0.14999999999999983,1400.0000000021707
2.0,0.095,0.15000000000000005,1400.0000000021682
2.0,0.105,0.14999999999999927,1400.0000000021853
2.0,0.115,0.1500000000000002,1400.0000000023144
2.0,0.125,0.15000000000000058,1400.0000000025861
2.0,0.135,0.1499999999999998,1400.0000000028922
2.0,0.145,0.15000000000000008,1400.0000000029704
2.0,0.155,0.15000000000000155,1400.0000000030373
2.0,0.165,0.15,1400.0000000040106
2.0,0.175,0.1499999999999993,1400.0000000041937
2.0,0.185,0.15000000000000138,1400.0000000035577
2.0,0.195,0.14999999999999997,1400.0000000037815
2.0,0.205,0.1499999999999989,1400.0000000040513
2.0,0.215,0.1500000000000009,1400.000000003658
2.0,0.225,0.15000000000000044,1400.0000000038383
2.0,0.235,0.15000000000000005,1400.0000000043156
2.0,0.245,0.14999999999999966,1400.0000000049604
2.0,0.255,0.15000000000000063,1400.0000000050034
2.0,0.265,0.15000000000000044,1400.000000004146
2.0,0.275,0.15000000000000013,1400.0000000048713
2.0,0.285,0.14999999999999922,1400.0000000051475
2.0,0.295,0.15000000000000102,1400.0000000043058
2.0,0.305,0.14999999999999963,1400.0000000049138
2.0,0.315,0.14999999999999858,1400.0000000063335
2.0,0.325,0.150000000000001,1400.0000000077337
2.0,0.335,0.15000000000000058,1400.0000000089053
2.0,0.345,0.1499999999999994,1400.0000000089321
2.0,0.355,0.15000000000000152,1400.000000008177
2.0,0.365,0.15000000000000085,1400.000000008234
2.0,0.375,0.1499999999999987,1400.0000000086575
2.0,0.385,0.15000000000000077,1400.0000000081266
2.0,0.395,0.15000000000000133,1400.0000000081595
2.0,0.405,0.149999999999999,1400.0000000088544
2.0,0.415,0.15000000000000036,1400.0000000083796
2.0,0.425,0.15000000000000077,1400.0000000081066
2.0,0.435,0.14999999999999833,1400.000000008968
2.0,0.445,0.1499999999999995,1400.000000008661
2.0,0.455,0.150000000000001,1400.000000008088
2.0,0.465,0.14999999999999902,1400.0000000090304
2.0,0.475,0.15000000000000002,1400.0000000087757
2.0,0.485,0.1500000000000018,1400.0000000086018
2.0,0.495,0.14999999999999933,1400.000000012066
2.0,0.505,0.14999999999999916,1400.0000000133164
2.0,0.515,0.15000000000000124,1400.0000000119012
2.0,0.525,0.14999999999999933,1400.0000000124728
2.0,0.535,0.14999999999999886,1400.0000000128503
2.0,0.545,0.15000000000000172,1400.0000000119078
2.0,0.555,0.1500000000000005,1400.000000012223
2.0,0.565,0.1499999999999992,1400.0000000128382
2.0,0.575,0.15000000000000147,1400.0000000119433
2.0,0.585,0.15000000000000044,1400.0000000123982
2.0,0.595,0.14999999999999836,1400.0000000131097
2.0,0.605,0.1500000000000006,1400.0000000124164
2.0,0.615,0.15000000000000058,1400.0000000123778
2.0,0.625,0.14999999999999863,1400.0000000129287
2.0,0.635,0.15000000000000055,1400.0000000124942
2.0,0.645,0.15000000000000077,1400.0000000156567
2.0,0.655,0.1499999999999986,1400.0000000194639
2.0,0.665,0.15000000000000097,1400.0000000189684
2.0,0.675,0.1500000000000017,1400.0000000176726
2.0,0.685,0.14999999999999944,1400.000000018535
2.0,0.695,0.15000000000000044,1400.000000018231
2.0,0.705,0.15000000000000163,1400.0000000174493
2.0,0.715,0.14999999999999863,1400.000000018199
2.0,0.725,0.15,1400.0000000182174
2.0,0.735,0.1500000000000014,1400.000000017442
2.0,0.745,0.14999999999999922,1400.0000000178197
2.0,0.755,0.14999999999999922,1400.0000000180678
2.0,0.765,0.15000000000000124,1400.000000017369
2.0,0.775,0.14999999999999877,1400.0000000180387
2.0,0.785,0.1499999999999991,1400.0000000186635
2.0,0.795,0.15000000000000177,1400.0000000176422
2.0,0.805,0.15000000000000033,1400.0000000174596
2.0,0.815,0.1499999999999988,1400.000000018488
2.0,0.825,0.1500000000000012,1400.000000017833
2.0,0.835,0.1499999999999996,1400.0000000178911
2.0,0.845,0.149999999999998,1400.0000000183409
2.0,0.855,0.15000000000000008,1400.0000000179302
2.0,0.865,0.15000000000000016,1400.0000000177236
2.0,0.875,0.14999999999999822,1400.0000000185578
2.0,0.885,0.1500000000000002,1400.0000000179148
2.0,0.895,0.15,1400.000000017412
2.0,0.905,0.14999999999999816,1400.0000000186647
2.0,0.915,0.15000000000000005,1400.0000000182786
2.0,0.925,0.15000000000000127,1400.000000017297
2.0,0.935,0.14999999999999905,1400.0000000182886
2.0,0.945,0.1500000000000004,1400.000000017888
2.0,0.955,0.15000000000000133,1400.0000000171058
2.0,0.965,0.1499999999999992,1400.000000018096
2.0,0.975,0.14999999999999952,1400.0000000178704
2.0,0.985,0.15000000000000127,1400.0000000177113
2.0,0.995,0.14999999999999966,1400.0000000231828
2.0,1.005,0.15000000000000016,1400.0000000254938
2.0,1.015,0.15000000000000224,1400.0000000233595
2.0,1.025,0.15000000000000044,1400.000000024112
2.0,1.035,0.15000000000000036,1400.000000024177
2.0,1.045,0.1500000000000026,1400.0000000228229
2.0,1.055,0.1500000000000011,1400.0000000236396
2.0,1.065,0.1499999999999996,1400.0000000237071
2.0,1.075,0.1500000000000014,1400.0000000225905
2.0,1.085,0.15,1400.0000000235787
2.0,1.095,0.14999999999999827,1400.0000000246519
2.0,1.105,0.1500000000000002,1400.0000000229095
2.0,1.115,0.15,1400.0000000230689
2.0,1.125,0.14999999999999838,1400.0000000240495
2.0,1.135,0.14999999999999966,1400.0000000232046
2.0,1.145,0.14999999999999977,1400.0000000232028
2.0,1.155,0.14999999999999783,1400.0000000242353
2.0,1.165,0.14999999999999952,1400.0000000236519
2.0,1.175,0.15000000000000066,1400.0000000231748
2.0,1.185,0.14999999999999886,1400.0000000241805
2.0,1.195,0.1499999999999999,1400.000000023374
2.0,1.205,0.150000000000001,1400.0000000225973
2.0,1.215,0.1499999999999988,1400.0000000235934
2.0,1.225,0.14999999999999872,1400.0000000238006
2.0,1.235,0.15000000000000083,1400.0000000232064
2.0,1.245,0.1499999999999991,1400.000000024187
2.0,1.255,0.14999999999999933,1400.0000000237073
2.0,1.265,0.1500000000000012,1400.0000000225452
2.0,1.275,0.15000000000000008,1400.0000000229172
2.0,1.285,0.14999999999999905,1400.0000000238883
2.0,1.295,0.1500000000000019,1400.0000000261111
2.0,1.305,0.15000000000000066,1400.0000000308028
2.0,1.315,0.14999999999999925,1400.000000033533
2.0,1.325,0.14999999999999938,1400.000000032072
2.0,1.335,0.14999999999999927,1400.0000000331827
2.0,1.345,0.14999999999999697,1400.000000033535
2.0,1.355,0.14999999999999905,1400.000000031615
2.0,1.365,0.1500000000000002,1400.0000000321797
2.0,1.375,0.14999999999999905,1400.0000000327605
2.0,1.385,0.1499999999999991,1400.0000000318323
2.0,1.395,0.14999999999999888,1400.000000032167
2.0,1.405,0.1499999999999975,1400.0000000333478
2.0,1.415,0.14999999999999944,1400.0000000320692
2.0,1.425,0.15000000000000127,1400.0000000317696
2.0,1.435,0.14999999999999974,1400.0000000320067
2.0,1.445,0.15000000000000085,1400.0000000316686
2.0,1.455,0.15000000000000202,1400.0000000318842
2.0,1.465,0.15000000000000022,1400.0000000329258
2.0,1.475,0.1500000000000012,1400.0000000327695
2.0,1.485,0.15000000000000313,1400.0000000314976
2.0,1.495,0.15000000000000055,1400.0000000311118
2.0,1.505,0.15000000000000027,1400.0000000312696
2.0,1.515,0.15000000000000133,1400.0000000314737
2.0,1.525,0.14999999999999974,1400.0000000324496
2.0,1.535,0.15000000000000094,1400.0000000324173
2.0,1.545,0.1500000000000038,1400.0000000312798
2.0,1.555,0.15000000000000147,1400.00000003241
2.0,1.565,0.14999999999999927,1400.000000032532
2.0,1.575,0.1500000000000015,1400.0000000312607
2.0,1.585,0.1500000000000009,1400.0000000323528
2.0,1.595,0.14999999999999908,1400.0000000335108
2.0,1.605,0.15000000000000105,1400.000000032013
2.0,1.615,0.15000000000000066,1400.0000000318555
2.0,1.625,0.14999999999999783,1400.0000000326258
2.0,1.635,0.14999999999999905,1400.0000000317239
2.0,1.645,0.15000000000000002,1400.0000000319199
2.0,1.655,0.1499999999999983,1400.0000000327161
2.0,1.665,0.1499999999999996,1400.0000000313341
2.0,1.675,0.15000000000000044,1400.0000000314708
2.0,1.685,0.14999999999999777,1400.0000000329674
2.0,1.695,0.14999999999999933,1400.000000032085
2.0,1.705,0.1500000000000012,1400.0000000317223
2.0,1.715,0.14999999999999913,1400.00000003199
2.0,1.725,0.1499999999999989,1400.0000000317912
2.0,1.735,0.15000000000000058,1400.000000032131
2.0,1.745,0.14999999999999822,1400.0000000330488
2.0,1.755,0.1499999999999994,1400.0000000320579
2.0,1.765,0.1500000000000014,1400.0000000313337
2.0,1.775,0.1500000000000002,1400.0000000319003
2.0,1.785,0.1499999999999992,1400.000000032483
2.0,1.795,0.15000000000000166,1400.000000032276
2.0,1.805,0.1500000000000002,1400.0000000321545
2.0,1.815,0.14999999999999983,1400.000000032078
2.0,1.825,0.15000000000000263,1400.0000000314271
2.0,1.835,0.1500000000000016,1400.000000031307
2.0,1.845,0.1499999999999987,1400.000000032774
2.0,1.855,0.1500000000000004,1400.0000000327411
2.0,1.865,0.15000000000000124,1400.0000000329055
2.0,1.875,0.14999999999999933,1400.0000000334496
2.0,1.885,0.1500000000000004,1400.000000031621
2.0,1.895,0.1499999999999999,1400.0000000318198
2.0,1.905,0.14999999999999752,1400.0000000328514
2.0,1.915,0.14999999999999822,1400.000000032227
2.0,1.925,0.14999999999999994,1400.0000000316086
2.0,1.935,0.14999999999999875,1400.0000000321793
2.0,1.945,0.15,1400.0000000317107
2.0,1.955,0.14999999999999986,1400.0000000312716
2.0,1.965,0.14999999999999686,1400.000000032355
2.0,1.975,0.1499999999999972,1400.0000000321363
