time_s,rms,rms_dbfs,active,centroid_hz,f0_raw_hz,f0_hz,voiced_flag,voiced_probability,reliable_pitch,acf_periodicity_proxy
0.0,7.536274070545947e-05,-82.45686632011726,False,,,,False,0.010000005216229447,False,
0.011609977324263039,0.00010582726387887078,-79.50804864473132,False,,,,False,0.010000000003996623,False,
0.023219954648526078,0.00013879988793246028,-77.15221769063967,False,,,,False,0.010000000003996623,False,
0.034829931972789115,0.00022428970249457753,-72.98381330252188,False,,,,False,0.010000000021701592,False,
0.046439909297052155,0.00024865730706573243,-72.0879754805596,False,,,,False,0.010000000009505967,False,
0.058049886621315196,0.00030943575602620024,-70.18859007985304,False,,,,False,0.010000000001606035,False,
0.06965986394557823,0.00034529042500103187,-69.23630929179295,False,,,,False,0.010000000009505967,False,
0.08126984126984127,0.0004082365101654319,-67.78176314505353,False,,,,False,0.010000000047726025,False,
0.09287981859410431,0.0005632422633564975,-64.9860952998379,False,,,,False,0.010000000101429396,False,
0.10448979591836735,0.0006331349237551183,-63.97007460223474,False,,,,False,0.010000000000613858,False,
0.11609977324263039,0.0030629414903998236,-50.27722598381104,False,,,,False,0.04069733156888105,False,
0.12770975056689343,0.008175004301461553,-41.75024020307701,True,5326.13976742225,6867.10047568924,,True,0.12793708630129036,False,
0.13931972789115646,0.021956063672525557,-33.16891036871536,True,5898.3984323287405,6906.881184051937,,True,0.3721358982975087,False,
0.1509297052154195,0.030745758508990067,-30.244295765702375,True,6206.655172047381,6788.2250993908565,,True,0.24075439447557426,False,
0.16253968253968254,0.03911238143767913,-28.15371480662533,True,6347.915203381034,6867.10047568924,,True,0.07797523762294817,False,
0.17414965986394557,0.05880417165094777,-24.611837267347173,True,6424.0840042677655,6946.892339713814,,True,0.17653060863289757,False,
0.18575963718820862,0.07103838266344473,-22.970138694684007,True,6479.978459455743,6946.892339713814,,True,0.2407543944755743,False,
0.19736961451247165,0.08857692142264584,-21.053588362350844,True,6528.993186317878,6867.10047568924,,True,0.12793708630129036,False,
0.2089795918367347,0.09935876526148245,-20.055876282854065,True,6560.3442800172115,6906.881184051937,,True,0.1279370863012904,False,
0.22058956916099773,0.10766795613087264,-19.358270622290846,True,6569.7182600973165,6946.892339713814,,True,0.1765306086328976,False,
0.23219954648526078,0.1135712731352721,-18.894630114848276,True,6581.04976167761,6946.892339713814,,True,0.20650679911775227,False,
0.2438095238095238,0.11548210587620131,-18.7497061026717,True,6604.1622687787285,6946.892339713814,,True,0.2796051653363589,False,
0.25541950113378686,0.1140818400710115,-18.855669650573187,True,6635.319616433324,6946.892339713814,,True,0.27960516533635893,False,
0.26702947845804986,0.11572210913518241,-18.731673191213215,True,6664.409216551717,6906.881184051937,,True,0.24075439447557428,False,
0.2786394557823129,0.1152188238876943,-18.76953124417411,True,6644.070227617774,6867.10047568924,,True,0.12793708630129036,False,
0.29024943310657597,0.10389717278747171,-19.66792540294805,True,6534.482299200007,6906.881184051937,,True,0.10857977072874497,False,
0.301859410430839,0.09480483831152323,-20.463389962441788,True,6412.4865323709055,6827.548887346953,,True,0.05607139544589261,False,
0.313469387755102,0.08743639462098479,-21.166155170410732,True,6300.9531961608545,6671.6074552432165,,True,0.06608151270920702,False,
0.3250793650793651,0.08207213332089447,-21.716085554161793,True,6168.648483702417,6444.348013345264,,True,0.05607139544589261,False,
0.33668934240362813,0.07856781116697811,-22.095106915298498,True,5991.306364182555,6224.8298623248465,,True,0.020317628556360587,False,
0.34829931972789113,0.07712085789335162,-22.2565629596262,True,5808.743610676063,6188.977480509979,,True,0.0229442191246386,False,
0.3599092970521542,0.06052591481502361,-24.36117275441547,True,5709.028658441002,5909.493184055597,,True,0.12793708630129036,False,
0.37151927437641724,0.0468619895939139,-26.583585534877106,True,5642.350234898242,5741.26138433954,,True,0.5485250542599845,False,
0.3831292517006803,0.04334234232129307,-27.261752441900178,True,5589.221304989783,5741.26138433954,,True,0.6159498854580681,False,
0.3947392290249433,0.04063026235381966,-27.823007467600082,True,5547.139480046038,5741.26138433954,,True,0.6159498854580681,False,
0.40634920634920635,0.034881027463161726,-29.148214617559226,True,5537.5268291177,5741.26138433954,,True,0.6159498854580682,False,
0.4179591836734694,0.020138462080414015,-33.91947396809329,True,5612.4655933123195,5481.995228691702,,True,0.6159498854580681,False,
0.4295691609977324,0.00824937522203489,-41.67157884208628,True,5662.000319714385,5545.692944986909,,True,0.32333605839064083,False,
0.44117913832199546,0.008149129819771391,-41.777775272189565,True,5666.689868729281,5708.194152013061,,True,0.2796051653363589,False,
0.4527891156462585,0.02354493617131579,-32.56204965123589,True,5702.849906864931,,,False,0.030106861794195014,False,
0.46439909297052157,0.05364021624904739,-25.410189599414483,True,6135.864440458719,7027.611340539001,,True,0.09203757081218102,False,
0.47600907029478456,0.06141817140936105,-24.234062357222733,True,6355.949308675047,6827.548887346953,,True,0.03010686179419501,False,
0.4876190476190476,0.07237208580990086,-22.808578210964782,True,6437.339676839896,6556.9932324210995,,True,0.013100262550513393,False,
0.4992290249433107,0.08852529658303762,-21.058652191332435,True,6429.336300915328,6867.10047568924,,True,0.02616802860893576,False,
0.5108390022675737,0.12666664539883388,-17.94675462045229,True,6371.007836619064,6987.135277642501,,True,0.07797523762294818,False,
0.5224489795918368,0.15350787086268866,-16.27738703766438,True,6356.005149664165,6987.135277642501,,True,0.09203757081218102,False,
0.5340589569160997,0.16005065631047094,-15.914850812598598,True,6453.935677069295,6987.135277642501,,True,0.10857977072874499,False,
0.5456689342403628,0.16036381706852354,-15.89787229960673,True,6555.993046348036,7027.611340539001,,True,0.10857977072874499,False,
0.5572789115646258,0.15408963494486375,-16.244531474514975,True,6629.810742841371,7027.611340539001,,True,0.108579770728745,False,
0.5688888888888889,0.15510141158068153,-16.187684992933434,True,6670.268036944841,7068.321878882524,,True,0.1504646013433388,False,
0.5804988662131519,0.1548115839001092,-16.203930920133075,True,6702.847037469525,7109.268250975507,,True,0.24075439447557428,False,
0.592108843537415,0.15435019173026546,-16.22985653421827,True,6773.903538322146,7068.321878882524,,True,0.2065067991177523,False,
0.603718820861678,0.13870708768133802,-17.158026933941724,True,6774.646228996454,,,False,0.10857977072874497,False,
0.615328798185941,0.11650453955525704,-18.673143043765513,True,6665.2704573131805,,,False,0.06608151270920701,False,
0.626938775510204,0.10779009328602202,-19.34842304438099,True,6560.984075314484,,,False,0.047686993082531035,False,
0.6385487528344671,0.10509124358653872,-19.568669375053453,True,6457.679520334673,,,False,0.040697331568881064,False,
0.6501587301587302,0.10346237131007835,-19.704351439652196,True,6353.482191657729,,,False,0.04069733156888105,False,
0.6617687074829932,0.09746999484791434,-20.222581137827326,True,6265.49755986204,,,False,0.1504646013433388,False,
0.6733786848072563,0.09014283823277847,-20.90137543751991,True,6218.994832730044,3166.818985854947,,True,0.6159498854580682,False,
0.6849886621315193,0.0752961840115778,-22.464540663159656,True,6174.242009562372,3166.818985854947,,True,0.7571601330199093,False,
0.6965986394557823,0.04523226423781911,-26.89103343571706,True,6119.990961340035,3148.579450649877,,True,0.5485250542599845,False,
0.7082086167800453,0.013864113997215752,-37.1621575861508,True,6028.511014080084,3112.4149311624233,,True,0.15046460134333883,False,
0.7198185941043084,0.007735079364268986,-42.23070451896323,True,5926.099831548793,3166.818985854947,,True,0.3721358982975087,False,
0.7314285714285714,0.0050545433510022246,-45.926361486318854,True,5881.766162092237,3148.579450649877,,True,0.17653060863289757,False,
0.7430385487528345,0.0032763131470989705,-49.69229190894293,True,5860.287611030163,3166.818985854947,,True,0.066081512709207,False,
0.7546485260770975,0.002455897277209174,-52.195796047638574,False,,3185.164181612563,,True,0.026168028608935755,False,
0.7662585034013606,0.005223632763579696,-45.64054725624089,True,5763.501106137439,3374.563899893638,,True,0.010622609040911533,False,
0.7778684807256235,0.05075712838900543,-25.890059126379917,True,4672.922823109022,3554.6341254877534,,True,0.615949885458068,False,
0.7894784580498866,0.07284983308004848,-22.751428779732095,True,3854.3309942418277,3453.4405920259687,,True,0.2796051653363589,False,
0.8010884353741496,0.10670929132700747,-19.43595528604298,True,3711.358346398374,3374.563899893638,,True,0.2796051653363589,False,
0.8126984126984127,0.12322561310181558,-18.18598024722245,True,3669.7965350183285,3433.55023784462,,True,0.2796051653363589,False,
0.8243083900226758,0.1265763718619659,-17.952947138770593,True,3644.663503147391,3433.55023784462,,True,0.2796051653363589,False,
0.8359183673469388,0.12882276897758208,-17.800147402971785,True,3632.094055572843,3433.55023784462,,True,0.2796051653363589,False,
0.8475283446712019,0.1297990903103022,-17.73456702507361,True,3633.216501223795,3433.55023784462,,True,0.2796051653363588,False,
0.8591383219954648,0.13205382307933813,-17.584980421026643,True,3626.442022046737,3413.7744436734765,,True,0.20650679911775224,False,
0.8707482993197279,0.12589613598488036,-17.999751981829515,True,3589.99323108044,3355.1278420296467,,True,0.1279370863012904,False,
0.8823582766439909,0.12009516883429257,-18.409489259237347,True,3468.6188269026284,3335.8037276216082,,True,0.03489742801962526,False,
0.893968253968254,0.0955052205889536,-20.39945775973745,True,3218.787256366317,,,False,0.010140046044704068,False,
0.905578231292517,0.07607480201320135,-22.375183384637054,True,3020.0739273835275,2772.8464724934547,,True,0.010037765502929688,False,
0.9171882086167801,0.0722359769531322,-22.824928984707004,True,2890.9363920080104,2602.144488723403,,True,0.010467533617069905,False,
0.9287981859410431,0.06962766921515832,-23.144362851604736,True,2804.4771019018576,2484.635817219306,,True,0.022944219124638603,False,
0.9404081632653061,0.06999136367727785,-23.099110896484838,True,2753.6432799674894,2456.0973407922593,,True,0.03489742801962527,False,
0.9520181405895691,0.0682390013951277,-23.31934674459464,True,2745.957099177268,2386.1770171621133,,True,0.1504646013433388,False,
0.9636281179138322,0.06210253510649273,-24.13781341988587,True,2749.780888344638,2304.8950681224105,,True,0.24075439447557428,False,
0.9752380952380952,0.053765053126633294,-25.38999841445574,True,2762.9731439365546,2291.6198493849993,,True,0.2407543944755743,False,
0.9868480725623583,0.04778603414795255,-26.413980217844717,True,2799.559002360676,2291.6198493849993,,True,0.20650679911775227,False,
0.9984580498866213,0.04484262129210086,-26.966180169792384,True,2795.2043945639452,2318.2471894196296,,True,0.15046460134333883,False,
1.0100680272108844,0.043344058117516064,-27.261408599808206,True,2732.00471905136,2345.1839242421906,,True,0.20650679911775227,False,
1.0216780045351475,0.042881601777021494,-27.35458001204772,True,2672.5921699227865,2358.7694365086027,,True,0.2407543944755743,False,
1.0332879818594105,0.04159384700669279,-27.61941819933118,True,2645.2124573535066,2318.2471894196296,,True,0.32333605839064083,False,
1.0448979591836736,0.03983359427000529,-27.99501009013995,True,2650.616152176562,2252.251192010743,2252.251192010743,True,0.8911444948731203,True,0.9667418565980368
1.0565079365079366,0.04018632232553554,-27.9184347339886,True,2638.1281417881837,2239.2791796883375,2239.2791796883375,True,0.9848789761259925,True,0.9865037829343724
1.0681179138321995,0.03874134759526249,-28.236505533459805,True,2642.5771908007246,2239.2791796883375,2239.2791796883375,True,0.9848789761259924,True,0.9880632648832517
1.0797278911564625,0.03872003655473343,-28.24128482711197,True,2672.073513477377,2252.251192010743,2252.251192010743,True,0.9848789761259924,True,0.9892063893394376
1.0913378684807256,0.038475420634479715,-28.296332470483353,True,2657.8263658518367,2265.298350436064,2265.298350436064,True,0.9848789761259923,True,0.9849057025844834
1.1029478458049886,0.03960626590971686,-28.044722021517487,True,2607.719977318616,2265.298350436064,2265.298350436064,True,0.9459302094659092,True,0.9827462692852695
1.1145578231292517,0.039703591572096096,-28.02340410685805,True,2584.248480330602,2265.298350436064,2265.298350436064,True,0.9459302094659092,True,0.9819201949715847
1.1261678004535147,0.03903572646916369,-28.17075467689493,True,2601.5718821982905,2265.298350436064,2265.298350436064,True,0.9459302094659092,True,0.9818414415431859
1.1377777777777778,0.0378921683355632,-28.429010840276984,True,2615.0573663529135,2278.4210902812456,2278.4210902812456,True,0.9459302094659092,True,0.9799638228499213
1.1493877551020408,0.03545604805692884,-29.00619345293954,True,2593.658713484262,2278.4210902812456,2278.4210902812456,True,0.9459302094659092,True,0.9777851402738648
1.1609977324263039,0.0321474535029779,-29.857068463134677,True,2604.9647884291207,2278.4210902812456,2278.4210902812456,True,0.9459302094659092,True,0.9764149798036328
1.172607709750567,0.029390985344106633,-30.635717075869998,True,2642.1957932129717,2278.4210902812456,2278.4210902812456,True,0.9459302094659093,True,0.9759738409312163
1.18421768707483,0.026292476357660823,-31.60337015857323,True,2706.492758347228,2265.298350436064,2265.298350436064,True,0.9848789761259924,True,0.9809049284489715
1.195827664399093,0.021620870390936568,-33.30253653293441,True,2848.478164024288,2265.298350436064,2265.298350436064,True,0.9848789761259924,True,0.9831077948584293
1.207437641723356,0.017193273010029125,-35.2928288131018,True,3167.850105594361,2252.251192010743,2252.251192010743,True,0.9848789761259924,True,0.9831097733901382
1.2190476190476192,0.01239515691615797,-38.13495941843926,True,3653.7679667849666,2265.298350436064,2265.298350436064,True,0.9459302094659091,True,0.9735757005791862
1.230657596371882,0.0037140281453866314,-48.60309618887797,True,3859.011918871971,,,False,0.3721358982975087,False,
1.242267573696145,0.0017223773244246909,-55.27743401508543,False,,,,False,0.011422334250709076,False,
1.253877551020408,0.0015448193070626305,-56.22244622814697,False,,,,False,0.013980210380185928,False,
1.2654875283446712,0.004867993208027794,-46.25300072764844,True,4085.3352920677225,,,False,0.10857977072874499,False,
1.2770975056689342,0.01500026891112669,-36.47801910479089,True,5154.42924313773,,,False,0.7571601330199094,False,
1.2887074829931973,0.02148245602956884,-33.358321369027095,True,6417.30694798543,,,False,0.8266685594724995,False,
1.3003174603174603,0.030251658976853474,-30.38501607990806,True,6998.876225493268,,,False,0.7571601330199094,False,
1.3119274376417234,0.041196331568576966,-27.70282910188901,True,7260.561784566166,,,False,0.7571601330199094,False,
1.3235374149659864,0.05450303468481225,-25.271586317705136,True,7380.000361113607,7708.059665888415,7708.059665888415,True,0.8266685594724996,True,0.9454674214321074
1.3351473922902495,0.06786758102383321,-23.36675259823137,True,7433.8181167108205,7708.059665888415,7708.059665888415,True,0.8911444948731203,True,0.9449712805691481
1.3467573696145125,0.0756117107389655,-22.428218715521197,True,7465.159344402873,7708.059665888415,7708.059665888415,True,0.9459302094659092,True,0.9464404155267861
1.3583673469387756,0.08959092482227377,-20.954719605690634,True,7506.4135915546385,7663.664509023837,7663.664509023837,True,0.8266685594724995,True,0.9533162056420845
1.3699773242630386,0.09174345602229492,-20.74849807607086,True,7546.155182667125,7663.664509023837,7663.664509023837,True,0.8266685594724996,True,0.9557984002922665
1.3815873015873017,0.09493479274372557,-20.451491867918136,True,7538.423325849745,7663.664509023837,7663.664509023837,True,0.8266685594724996,True,0.9591673871772306
1.3931972789115645,0.098484929000533,-20.132604476887302,True,7506.741983307063,7663.664509023837,7663.664509023837,True,0.8911444948731203,True,0.9641864775296215
1.4048072562358276,0.1176902670702998,-18.585189032416004,True,7464.929346998546,7619.525049447359,7619.525049447359,True,0.9459302094659092,True,0.9777501290621029
1.4164172335600906,0.13727930602082963,-17.24789849901084,True,7416.549855915634,7575.6398144509585,7575.6398144509585,True,0.9848789761259925,True,0.9872251823161258
1.4280272108843537,0.14456514747121255,-16.798727928568486,True,7374.323734306121,7575.6398144509585,7575.6398144509585,True,1.0,True,0.9927619898312822
1.4396371882086167,0.15121469117378328,-16.408120263235954,True,7352.805551224438,7532.007339808808,7532.007339808808,True,1.0,True,0.9945596147058349
1.4512471655328798,0.14990440212922898,-16.48371226733581,True,7324.021809169596,7532.007339808808,7532.007339808808,True,1.0,True,0.9956807024843104
1.4628571428571429,0.14858995001763958,-16.560211267697582,True,7275.346347937454,7532.007339808808,7532.007339808808,True,1.0,True,0.9952852750912219
1.474467120181406,0.14593333653329724,-16.71690975929451,True,7213.1536640813065,7532.007339808808,7532.007339808808,True,1.0,True,0.9953288734551696
1.486077097505669,0.14206258338307318,-16.950405840468907,True,7144.326138561946,7532.007339808808,7532.007339808808,True,0.9999999999999999,True,0.9953781831254552
1.497687074829932,0.12351517840245632,-18.16559340008869,True,7061.3991652800305,7488.626169728385,7488.626169728385,True,1.0,True,0.9943004667667635
1.509297052154195,0.09481666160488877,-20.46230679601277,True,6966.273510129691,7445.494856801928,7445.494856801928,True,1.0,True,0.990614309361797
1.5209070294784581,0.07281586929972415,-22.755479227409413,True,6837.71535519825,7445.494856801928,7445.494856801928,True,0.9848789761259924,True,0.9846786869642886
1.5325170068027212,0.04717793354764452,-26.52522171348049,True,6688.372277557705,7402.611961958116,7402.611961958116,True,0.9459302094659092,True,0.9751611639448413
1.5441269841269842,0.017044784809512804,-35.3681695474065,True,6544.631399023047,7359.976054414081,7359.976054414081,True,0.8266685594724996,True,0.952577361340839
1.555736961451247,0.009590741314569077,-40.36295645641176,True,6338.86953139242,7445.494856801928,7445.494856801928,True,0.9459302094659092,True,0.9717365781296455
1.5673469387755101,0.006502696331966132,-43.738130530885364,True,6114.149200251255,7445.494856801928,7445.494856801928,True,0.8911444948731203,True,0.9651302080101551
1.5789569160997732,0.004085194114820795,-47.77574604827344,True,6010.493622807397,7488.626169728385,,True,0.7571601330199094,False,
1.5905668934240362,0.0029709842686261117,-50.54199295562622,False,,,,False,0.6159498854580682,False,
1.6021768707482993,0.013178616104273684,-37.60260385831975,True,5837.832346928946,,,False,0.2796051653363589,False,
1.6137868480725623,0.027901973655792476,-31.087301513378364,True,5809.512300888565,5741.26138433954,,True,0.7571601330199094,False,
1.6253968253968254,0.033437692262982585,-29.5152740696585,True,5759.464676568587,5642.629950161322,,True,0.6860828109301794,False,
1.6370068027210884,0.06215071998254758,-24.131076718520315,True,5689.843078859549,5325.933465925657,,True,0.2796051653363588,False,
1.6486167800453515,0.08688930335971798,-21.220673694912247,True,5585.415673571606,5204.288977446806,,True,0.2407543944755743,False,
1.6602267573696146,0.0912661093303541,-20.793809260542847,True,5470.801922267241,5204.288977446806,,True,0.24075439447557428,False,
1.6718367346938776,0.09230296812159756,-20.695686668949612,True,5366.593731231047,5234.437116793237,,True,0.2407543944755743,False,
1.6834467120181407,0.09469177102598933,-20.473755214715204,True,5287.630871864904,5234.437116793237,,True,0.2796051653363588,False,
1.6950566893424037,0.09720967209136246,-20.245810436674212,True,5264.781085453916,5264.759902534206,,True,0.32333605839064083,False,
1.7066666666666668,0.09855041401131068,-20.12683093810172,True,5295.798606647877,5264.759902534206,,True,0.32333605839064083,False,
1.7182766439909296,0.09905506585558205,-20.082466179012147,True,5354.852956198676,5264.759902534206,,True,0.32333605839064083,False,
1.7298866213151927,0.08482591391340243,-21.429429051479595,True,5405.413723527857,5325.933465925657,,True,0.4260623290432815,False,
1.7414965986394557,0.0600927344680371,-24.423560666828088,True,5418.194144235908,5481.995228691702,5481.995228691702,True,0.8911444948731203,True,0.960702872799591
1.7531065759637188,0.053285903027035036,-25.46775339820347,True,5423.5580527330585,5545.692944986909,5545.692944986909,True,0.9848789761259924,True,0.9883135406873643
1.7647165532879818,0.051515971856316484,-25.761162054644608,True,5412.228901237637,5545.692944986909,5545.692944986909,True,1.0,True,0.9906191369528392
1.7763265306122449,0.04700378900781818,-26.557342637514893,True,5386.371530403059,5577.8188173976305,5577.8188173976305,True,1.0,True,0.9930977148902487
1.787936507936508,0.03951486602524787,-28.064789723865854,True,5338.35611074139,5577.8188173976305,5577.8188173976305,True,1.0,True,0.9940389280879199
1.799546485260771,0.026356942063913123,-31.582099561230915,True,5273.655627502645,5545.692944986909,5545.692944986909,True,1.0,True,0.9901383154780257
1.811156462585034,0.01601458514490975,-35.90968614357496,True,5199.364714811507,5545.692944986909,5545.692944986909,True,0.9848789761259924,True,0.985256474280374
1.822766439909297,0.01132671839837549,-38.91791793320115,True,5135.702595960863,5545.692944986909,5545.692944986909,True,0.9459302094659092,True,0.9778867265965647
1.8343764172335602,0.005024484728850583,-45.9781693881634,True,5078.741918679077,5545.692944986909,,True,0.6860828109301793,False,
1.8459863945578232,0.03432247343551448,-29.28842844869947,True,5150.477987317811,5708.194152013061,5708.194152013061,True,0.8911444948731203,True,0.979550902781187
1.8575963718820863,0.04735882892634883,-26.491980904888834,True,5464.020446767068,5708.194152013061,5708.194152013061,True,0.9848789761259924,True,0.9870314323304771
1.8692063492063493,0.05219132292982268,-25.648033892804484,True,5569.045849122753,5675.317372930309,5675.317372930309,True,0.9848789761259924,True,0.9885587071541152
1.8808163265306121,0.057638254148448954,-24.785783647090803,True,5581.863350751962,5642.629950161322,5642.629950161322,True,0.9848789761259925,True,0.9887357131718938
1.8924263038548752,0.06084502842576894,-24.3154980333003,True,5560.75696525543,5642.629950161322,5642.629950161322,True,0.9848789761259926,True,0.9872828508297989
1.9040362811791383,0.06314922486382073,-23.992639517986607,True,5515.640320470533,5610.130793093977,5610.130793093977,True,0.9848789761259924,True,0.9857574644986519
1.9156462585034013,0.07198676703883732,-22.85494660754155,True,5451.090765233512,5545.692944986909,5545.692944986909,True,0.8911444948731204,True,0.9654856472945935
1.9272562358276644,0.09721836778695188,-20.245033492645838,True,5375.059357733163,5419.02914306943,,True,0.48498680771591135,False,
1.9388662131519274,0.11366391582301184,-18.88754772404645,True,5318.856682386389,5295.258346385983,,True,0.32333605839064083,False,
1.9504761904761905,0.11656210228772645,-18.668852566606645,True,5320.94307939542,5234.437116793237,,True,0.2796051653363589,False,
1.9620861678004535,0.12030061830639188,-18.394642810416066,True,5337.358418786505,5234.437116793237,,True,0.2796051653363589,False,
1.9736961451247166,0.11936033453294415,-18.4627994533249,True,5350.344493874661,5204.288977446806,,True,0.2796051653363589,False,
1.9853061224489796,0.11816401922190509,-18.55029490771217,True,5367.051317304498,5204.288977446806,,True,0.2796051653363589,False,
1.9969160997732427,0.11719623882799944,-18.621726517630965,True,5377.363909730757,5204.288977446806,,True,0.2407543944755743,False,
2.0085260770975055,0.11209427524774325,-19.008331332721625,True,5360.521677280297,5204.288977446806,,True,0.2407543944755743,False,
2.020136054421769,0.09119573786803473,-20.80050916844214,True,5341.8798427758975,5204.288977446806,,True,0.2407543944755743,False,
2.0317460317460316,0.06097102889669599,-24.2975295224295,True,5350.292198584033,5264.759902534206,,True,0.3233360583906408,False,
2.043356009070295,0.04483203830831263,-26.968230305919185,True,5371.4628618246,5295.258346385983,,True,0.3721358982975087,False,
2.0549659863945577,0.025476062337809295,-31.877353942050757,True,5318.3220822097655,5419.02914306943,,True,0.6860828109301794,False,
2.066575963718821,0.016969679909969313,-35.40652698940971,True,5268.279029566818,5419.02914306943,,True,0.7571601330199094,False,
2.078185941043084,0.014311150727621473,-36.88650888376525,True,5250.093639287808,5356.786284625071,,True,0.6860828109301794,False,
2.089795918367347,0.012561928414701244,-38.01887371583493,True,5237.725605832949,5356.786284625071,,True,0.6860828109301794,False,
2.10140589569161,0.012377415018687306,-38.14740093562638,True,5220.009545920193,5387.817831884991,,True,0.7571601330199096,False,
2.1130158730158732,0.012275479940850272,-38.21923038069751,True,5176.953189256794,5387.817831884991,,True,0.7571601330199094,False,
2.124625850340136,0.011102691313230616,-39.09143469307532,True,5139.502417370568,5419.02914306943,5419.02914306943,True,0.8266685594724997,True,0.9491448870685482
2.136235827664399,0.00972231810597039,-40.24460346566674,True,5136.398861969763,5419.02914306943,5419.02914306943,True,0.8266685594724995,True,0.955931502224299
2.147845804988662,0.00932352026975491,-40.60840161327847,True,5135.333971945034,5419.02914306943,5419.02914306943,True,0.8266685594724995,True,0.9560799711588919
2.159455782312925,0.00855458707567512,-41.35601897455291,True,5100.225021537877,5419.02914306943,5419.02914306943,True,0.8266685594724995,True,0.9578951133696119
2.1710657596371883,0.00768150461889524,-42.29107407936408,True,5037.435915074428,5450.421259540212,5450.421259540212,True,0.8911444948731204,True,0.9606466737788664
2.182675736961451,0.006743683029402619,-43.422057017418574,True,5011.671509959097,5450.421259540212,5450.421259540212,True,0.8911444948731203,True,0.9597629382407433
2.1942857142857144,0.004996797683977201,-46.02616468819874,True,5034.810881640506,5450.421259540212,5450.421259540212,True,0.8266685594724997,True,0.9493517404033788
2.2058956916099772,0.0024550455143006115,-52.19880904087016,False,,5419.02914306943,,True,0.48498680771591135,False,
2.2175056689342405,0.001902160322956304,-54.415057629771226,False,,5387.817831884991,,True,0.20650679911775227,False,
2.2291156462585033,0.001766348212151769,-55.05847353828449,False,,5387.817831884991,,True,0.12793708630129036,False,
2.2407256235827666,0.001726058681056745,-55.2588888719999,False,,5387.817831884991,,True,0.09203757081218102,False,
2.2523356009070294,0.0016347853204569506,-55.73078541374236,False,,5356.786284625071,,True,0.05607139544589262,False,
2.2639455782312927,0.0016193684780571155,-55.813086375410606,False,,5325.933465925657,,True,0.026168028608935755,False,
2.2755555555555556,0.0016401276652647536,-55.70244691511796,False,,5325.933465925657,,True,0.0229442191246386,False,
2.2871655328798184,0.0015016213798418401,-56.46879113856485,False,,5264.759902534206,,True,0.013100262550513395,False,
2.2987755102040817,0.0014754080270439256,-56.6217571613321,False,,5234.437116793237,,True,0.011422334250709074,False,
2.3103854875283445,0.0013984734503058804,-57.086915483884155,False,,5204.288977446806,,True,0.010622609040911533,False,
2.3219954648526078,0.0013142321065142664,-57.62655854519806,False,,,,False,0.010349055133375844,False,
2.3336054421768706,0.0011991987767594,-58.42217646321744,False,,,,False,0.010349055133375846,False,
2.345215419501134,0.0010931018264458301,-59.226787600828075,False,,,,False,0.01010197459374499,False,
2.3568253968253967,0.0010339359735774655,-59.71012708137803,False,,,,False,0.01010197459374499,False,
2.36843537414966,0.0009491612779970957,-60.45319975159742,False,,,,False,0.010013068846238975,False,
2.380045351473923,0.0008885845787908373,-61.02602456248722,False,,,,False,0.01000419105279527,False,
2.391655328798186,0.0008238376170199355,-61.68316763454999,False,,,,False,0.0100028158258111,False,
2.403265306122449,0.0007917621273528082,-62.02810551707317,False,,,,False,0.010001873046012551,False,
2.414875283446712,0.000774168494262665,-62.22329013609141,False,,,,False,0.010002815825811098,False,
2.426485260770975,0.000744427557400223,-62.56355116850053,False,,,,False,0.01000187304601255,False,
2.4380952380952383,0.0007131807932147929,-62.93600722785715,False,,,,False,0.01000123296498612,False,
2.449705215419501,0.0006655001460922462,-63.53703689703784,False,,,,False,0.010000206339031339,False,
2.461315192743764,0.0006276556912561314,-64.04557057728587,False,,,,False,0.010000078102280324,False,
2.4729251700680273,0.0005909212574729902,-64.56940773341857,False,,,,False,0.0100000470079773,False,
2.48453514739229,0.0005357229198651337,-65.42119545566695,False,,,,False,0.010000016226422836,False,
2.4961451247165534,0.0004948978385281843,-66.10968885941367,False,,,,False,0.010000005216229449,False,
2.507755102040816,0.0004263002109044911,-67.405689049866,False,,,,False,0.010000002871100366,False,
2.5193650793650795,0.00040220211460321445,-67.91111300804793,False,,,,False,0.010000002871100368,False,
2.5309750566893423,0.0003702467687023973,-68.63017446117718,False,,,,False,0.010000000814014906,False,
2.5425850340136056,0.0003719990982236051,-68.58916225811403,False,,,,False,0.010000001546554296,False,
2.5541950113378684,0.0003530865877008926,-69.04237558349435,False,,,,False,0.010000001546554295,False,
2.5658049886621317,0.0003350728735462431,-69.49721459734045,False,,,,False,0.010000001546554296,False,
2.5774149659863945,0.00031686682877086586,-69.98246445164969,False,,,,False,0.010000001546554298,False,
2.589024943310658,0.0002955416553233775,-70.5876259706377,False,,,,False,0.010000000814014904,False,
2.6006349206349206,0.0002737637721476931,-71.25248047373618,False,,,,False,0.010000000814014906,False,
2.6122448979591835,0.0002479271895690625,-72.1135168521149,False,,,,False,0.010000000101429396,False,
2.6238548752834467,0.0002206434651533954,-73.12617861245248,False,,,,False,0.010000001546554296,False,
2.6354648526077096,0.00013356461160344334,-77.48617188828739,False,,,,False,0.010000000021701592,False,
2.647074829931973,0.00010478971435062194,-79.5936268699447,False,,,,False,0.010000000021701592,False,
2.6586848072562357,8.624796266181868e-05,-81.28502309962829,False,,,,False,0.010000000047726025,False,
2.670294784580499,6.625099171869375e-05,-83.5761523267717,False,,,,False,0.010000000047726023,False,
2.681904761904762,4.7919499499355194e-05,-86.38975453266012,False,,,,False,0.010000000047726021,False,
2.693514739229025,3.34327355494199e-05,-89.51656173801835,False,,,,False,0.01000000287110037,False,
