name,seed,target_rms,target_centroid_hz,actual_mean_block_rms,actual_mean_block_centroid_hz,duration_s,output_peak,fraction_above_1,wav_sha256,checkpoint_sha256,scope
cvae_0_seed42,42,0.01731731405016035,1953.6852416992188,0.017644163221120834,1950.5755615234375,1.9969160997732427,0.07207078009056149,0.0,682c8c12db502b5eb439fd46fe1dda09f976b347d2246f8427c35a4e2904a55e,943702bb94574f409253935a082b9fbe325824a33d6e869581253ee1c1f19ed0,Block RMS and rectangular FFT magnitude centroid; not interchangeable with Hann/STFT whole-recording metrics. Controls within marginal ranges may lie outside joint training support.
cvae_1_seed42,42,0.04371021327096969,1953.6852416992188,0.04025902971625328,1913.3751220703125,1.9969160997732427,0.1680327968289813,0.0,1f32f5fa7e71ab1ee920824368a4870f9122b58ed591728b50e8c9e78c2885cb,943702bb94574f409253935a082b9fbe325824a33d6e869581253ee1c1f19ed0,Block RMS and rectangular FFT magnitude centroid; not interchangeable with Hann/STFT whole-recording metrics. Controls within marginal ranges may lie outside joint training support.
cvae_2_seed42,42,0.03051376366056502,1416.9863586425781,0.030453212559223175,1378.0989990234375,1.9969160997732427,0.12161432986804005,0.0,8aa02e72379bf2a0c86761ff1110c55c7b3c59ae1b834c2f537a9d7af5a3bb7a,943702bb94574f409253935a082b9fbe325824a33d6e869581253ee1c1f19ed0,Block RMS and rectangular FFT magnitude centroid; not interchangeable with Hann/STFT whole-recording metrics. Controls within marginal ranges may lie outside joint training support.
cvae_3_seed42,42,0.03051376366056502,2490.3841247558594,0.02990351803600788,2452.5458984375,1.9969160997732427,0.12830818465173766,0.0,df3daeb55d0e9ae99f5d94d7e0aa30b4ea727a5c0c5ed1fcfeb8b2b1e89c3f74,943702bb94574f409253935a082b9fbe325824a33d6e869581253ee1c1f19ed0,Block RMS and rectangular FFT magnitude centroid; not interchangeable with Hann/STFT whole-recording metrics. Controls within marginal ranges may lie outside joint training support.
cvae_0_seed43,43,0.01731731405016035,1953.6852416992188,0.017580749467015266,1950.3829345703125,1.9969160997732427,0.07254467740035737,0.0,acc5227b8638f1eead4d7d24a1dec9dad527ba9baa22535eaa98653ca45ad0cd,943702bb94574f409253935a082b9fbe325824a33d6e869581253ee1c1f19ed0,Block RMS and rectangular FFT magnitude centroid; not interchangeable with Hann/STFT whole-recording metrics. Controls within marginal ranges may lie outside joint training support.
cvae_1_seed43,43,0.04371021327096969,1953.6852416992188,0.04024090990424156,1912.5257568359375,1.9969160997732427,0.16649035022687256,0.0,1afe73ef9223c9603801cc7029e33bd5b61b9675cdd7f12afdbe691e643fc561,943702bb94574f409253935a082b9fbe325824a33d6e869581253ee1c1f19ed0,Block RMS and rectangular FFT magnitude centroid; not interchangeable with Hann/STFT whole-recording metrics. Controls within marginal ranges may lie outside joint training support.
cvae_2_seed43,43,0.03051376366056502,1416.9863586425781,0.030459260568022728,1376.3631591796875,1.9969160997732427,0.120229006636349,0.0,c7f0138f7954a4b790889ae3e18067b7dd552e23fe6ba61841738025b89b3227,943702bb94574f409253935a082b9fbe325824a33d6e869581253ee1c1f19ed0,Block RMS and rectangular FFT magnitude centroid; not interchangeable with Hann/STFT whole-recording metrics. Controls within marginal ranges may lie outside joint training support.
cvae_3_seed43,43,0.03051376366056502,2490.3841247558594,0.02980153262615204,2454.927490234375,1.9969160997732427,0.1279226178294046,0.0,877dcaa7018fd66f3a6d6d72edc3f61fcc61a3be304b08af6ce2ca69c975268b,943702bb94574f409253935a082b9fbe325824a33d6e869581253ee1c1f19ed0,Block RMS and rectangular FFT magnitude centroid; not interchangeable with Hann/STFT whole-recording metrics. Controls within marginal ranges may lie outside joint training support.
cvae_0_seed44,44,0.01731731405016035,1953.6852416992188,0.017611809074878693,1951.254150390625,1.9969160997732427,0.07077721695543579,0.0,af3857a8a025749d21f5a47caef49f6cef0cb38b72b156ab1108719d1e19fcda,943702bb94574f409253935a082b9fbe325824a33d6e869581253ee1c1f19ed0,Block RMS and rectangular FFT magnitude centroid; not interchangeable with Hann/STFT whole-recording metrics. Controls within marginal ranges may lie outside joint training support.
cvae_1_seed44,44,0.04371021327096969,1953.6852416992188,0.040288183838129044,1912.6741943359375,1.9969160997732427,0.163543187578858,0.0,29c508492195c2ca7048e07d207036a56d9cbf14aaf2d50451d74b5972eab6a2,943702bb94574f409253935a082b9fbe325824a33d6e869581253ee1c1f19ed0,Block RMS and rectangular FFT magnitude centroid; not interchangeable with Hann/STFT whole-recording metrics. Controls within marginal ranges may lie outside joint training support.
cvae_2_seed44,44,0.03051376366056502,1416.9863586425781,0.030467435717582703,1377.2186279296875,1.9969160997732427,0.122085763218272,0.0,80ce0e53b3f3fa10cf2d92ab88c35f8d593870c76d78a572945fca09a4e6abff,943702bb94574f409253935a082b9fbe325824a33d6e869581253ee1c1f19ed0,Block RMS and rectangular FFT magnitude centroid; not interchangeable with Hann/STFT whole-recording metrics. Controls within marginal ranges may lie outside joint training support.
cvae_3_seed44,44,0.03051376366056502,2490.3841247558594,0.029873041436076164,2454.90673828125,1.9969160997732427,0.12017615801687401,0.0,4d09cd0863f5c6b057cc34622603c83442a9cb2bf7d397816c2a1c95589f1e21,943702bb94574f409253935a082b9fbe325824a33d6e869581253ee1c1f19ed0,Block RMS and rectangular FFT magnitude centroid; not interchangeable with Hann/STFT whole-recording metrics. Controls within marginal ranges may lie outside joint training support.
